id,alcohol,category,country,country_clean,description,designation,price,rating,region,region_clean,subregion,subsubregion,title,url,varietal,vintage,winery
51869,17.6,Red,Australia,Australia,"Pours as viscous as motor oil, and has the most beautiful amber sheen. Smells explosive and fantastic, with white chocolate, nougat, crème brûlée, anisette and Kahlúa, and turns classically rich in the mouth. The flavors are enormous, and very sweet, but what's most impressive is the texture—sheer velvet with perfect, bright acid. —S.H.",Museum Reserve,16,95,Victoria,Melbourne,Victoria,NULL,Benjamin NV Museum Reserve Muscat (Victoria),https://www.winemag.com/buying-guide/benjamin-nv-museum-reserve-muscat-victoria-21205/,Muscat,NULL,Benjamin
210147,13,Red,Austria,Austria,"A wave of ripe, juicy black cherry reaches the nose before hints of cinnamon follow, colored by a lovely floral perfume. The palate is pliable with a fruity, friendly flow, yet this shows depth and charm. The mouthfeel is soft and sinuous, the tannins are fine and have a gauze-like quality that might tip over into velvet any moment. If you need a wine to seduce someone, this might just be it. Simply lovely now but will get much better with age. Drink 2020–2035.",Ried Spitzerberg,26,95,Carnuntum,Vienna,NULL,NULL,Trapl 2015 Ried Spitzerberg Blaufränkisch (Carnuntum),https://www.winemag.com/buying-guide/trapl-2015-ried-spitzerberg-blaufrankisch-carnuntum/,Blaufränkisch,2015,Trapl
152,13.5,White,Austria,Austria,"Salt, pepper and lemon notes own the nose offer the promise of savoriness. The palate then wheels out all the salty concentration in full force. This tingles like lemon zest and has the texture of citrus pith. Concentration and savoriness are written all over it. This is compact, deeply savory and totally lip-smacking.",Ried Gaisberg,29,95,Kamptal,Kamptal,NULL,NULL,Eichinger 2017 Ried Gaisberg Grüner Veltliner (Kamptal),https://www.winemag.com/buying-guide/eichinger-2017-ried-gaisberg-gruner-veltliner-kamptal/,Grüner Veltliner,2017,Eichinger
77598,13,White,Austria,Austria,"Clouds of aromatic flower play along with zesty orange flavors. Grapefruit provides spice and drive. The palate shows that counterpoint of ripeness and tartness that makes this so very moreish. This is juicy and powerful, yet precise and toned despite all its generosity. This is a light, tightrope walk between two thrilling worlds. It's full of life and joy with an endless finish.",Gaisberg Reserve,29,95,Kamptal,Kamptal,NULL,NULL,Eichinger 2015 Gaisberg Reserve Riesling (Kamptal),https://www.winemag.com/buying-guide/eichinger-2015-gaisberg-reserve-riesling-kamptal/,Riesling,2015,Eichinger
210134,13,White,Austria,Austria,"This wine must have spent very little time in bottle; it still smells of the leesy, fermentative richness of the cellar. But never fear: this newborn is loaded with lemon concentration and uncompromising briskness. Electric freshness is its central purpose, and it will provide sophisticated refreshment for years to come. Drink 2020–2030 at least.",Pfaffenberg,20,95,Kremstal,Krems,NULL,NULL,Lesehof Stagård 2016 Pfaffenberg Riesling (Kremstal),https://www.winemag.com/buying-guide/lesehof-stagard-2016-pfaffenberg-riesling-kremstal/,Riesling,2016,Lesehof Stagård
66127,11,Dessert,Austria,Austria,"Apple and passion fruit are the aromatic top notes, hovering above a nose of honey and musk. Notes of honey, caramel and maple syrup seem to unite on the palate, guided and framed by the sharpest, most luminous acidity. Extremes are at work here, revealing both utter sweetness and utter acidity. Dazzling all of the senses, this wine leaves a rich aftertaste.",Noble Reserve Trockenbeerenauslese,25,95,Burgenland,Burgenland,NULL,NULL,Kracher NV Noble Reserve Trockenbeerenauslese White (Burgenland),https://www.winemag.com/buying-guide/kracher-nv-noble-reserve-trockenbeerenauslese-white-burgenland/,Austrian white blend,NULL,Kracher
6027,11.5,Dessert,Austria,Austria,"Notions of honeyed, candied richness reach the nose, spiked with a vivid dollop of citrus sharpness. This sweet Spätlese promises thrill and delivers it with notions of apple jelly, tart passion fruit and tropical hints of candied pineapple. Sharp acid counters the richness in the most delicious fashion. Follow the suggestions on the label and pair this with Szechuan pepper and red hot chilies to achieve Asian magic. Fruity, tropical desserts will also be elevated by this sexy and sharp little number.",Spätlese,25,95,Burgenland,Burgenland,NULL,NULL,Heidi Schröck 2016 Spätlese White (Burgenland),https://www.winemag.com/buying-guide/heidi-schrock-2016-spatlese-white-burgenland/,Austrian white blend,2016,Heidi Schröck
0,10,Dessert,Austria,Austria,"Lime blossom tea, candied apple and an alluring edge of smoke lend extra dimensions to the nose. The palate brings forth the full force of luscious, concentrated botrytis with its generous sweetness and bundled force of balancing, spicy freshness. This possesses wonderful balance and leaves lasting, lemon-flavored sweetness.",Beerenauslese,25,95,Burgenland,Burgenland,NULL,NULL,Gunter Triebaumer 2015 Beerenauslese Chardonnay (Burgenland),https://www.winemag.com/buying-guide/gunter-triebaumer-2015-beerenauslese-chardonnay-burgenland/,Chardonnay,2015,Gunter Triebaumer
6034,12,Dessert,Austria,Austria,"Immense concentration rises headily from the glass, projecting musk, lemon and crushed banana peel. The twin forces of sweetness and acidity then attack the palate with undiminished vigor, unraveling their power play across the tongue with notions of Mirabelle plum jam and candied lemon. Precision and vigor imbue this with longevity. Drink until 2040, at least.",Trockenbeerenauslese,29,95,Burgenland,Burgenland,NULL,NULL,Rosenhof 2015 Trockenbeerenauslese Welschriesling (Burgenland),https://www.winemag.com/buying-guide/rosenhof-2015-trockenbeerenauslese-welschriesling-burgenland/,Welschriesling,2015,Rosenhof
82887,11,Dessert,Austria,Austria,"The fragrant, absolute varietal purity of green pear and grapefruit zest attains an additional thrill of orange-peel lift. The palate is sweet but not overwhelmingly so: all is balanced and countered by freshness and a light touch. This richness dances on ballerina's tiptoe. That aromatic streak of citrus freshness unites grapefruit and greengage, honey and lime. This is utter purity of fruit in an Eiswein of immense, irresistible charm with moreish, lemon-pure length.",Orion Eiswein,30,95,Burgenland,Burgenland,NULL,NULL,Rosenhof 2015 Orion Eiswein Grüner Veltliner (Burgenland),https://www.winemag.com/buying-guide/rosenhof-2015-orion-eiswein-gruner-veltliner-burgenland/,Grüner Veltliner,2015,Rosenhof
194604,NULL,White,US,California,"Massively fruity and oaky, this is an atom bomb of a Chardonnay. You either love this style or you hate it. The pineapple tart, apricot, pear, peach, crème brûlée, buttered toast, vanilla cream and cinnamon spice flavors go on and on. Beyond the utter richness is firm acidity and a bracing minerality. Defines California-style decadence, but drink now, as the wine will quickly go downhill.",Los Alamos Vineyard,25,95,California,California,Central Coast,Santa Barbara County,Au Bon Climat 2007 Los Alamos Vineyard Chardonnay (Santa Barbara County),https://www.winemag.com/buying-guide/au-bon-climat-2007-los-alamos-vineyard-chardonnay-central-coast-santa-barbara-county/,Chardonnay,2007,Au Bon Climat
239694,14.5,Red,US,California,"Dark and racy, with a Northern Rhône-style aroma of black pepper, cedar and black currants, but there's nothing Rhône-like about the flavor. It's distinctly California, with soft, sweetly ripe tannins bursting with blackberry jam, black currants, anise, vanilla and sweet oak flavors. The wine is fully dry. Absolutely first-rate Syrah.",NULL,27,95,California,California,Central Coast,Santa Lucia Highlands,Novy 2005 Syrah (Santa Lucia Highlands),https://www.winemag.com/buying-guide/novy-2005-shiraz-syrah-syrah-central-coast-santa-lucia-highlands/,Syrah,2005,Novy
66571,14.5,Red,US,California,"A gorgeous aroma like roses and blackberries meets richly concentrated and ripe black-fruit flavors in this full-bodied, luxuriously textured wine. While extremely ripe and bold, the wine is also smooth and voluptuous, balanced out by silky tannins that keep the mouthfeel lively and fresh sip after sip.",Old Vine Rinaldi Vineyard,30,95,California,Fiddletown,Sierra Foothills,Fiddletown,Easton 2014 Old Vine Rinaldi Vineyard Zinfandel (Fiddletown),https://www.winemag.com/buying-guide/easton-2014-old-vine-rinaldi-vineyard-zinfandel-fiddletown/,Zinfandel,2014,Easton
61921,13.8,Red,US,California,"Here's a picture-perfect Cabernet with a nose so true and dense that you can barely get inside, but once you do everything is there. Huge, dynamic fruit plays off fine wood notes. Mighty tannins build up and prolong the flavorful, intense finish. A very big, very black wine that is also very, very good. From the family that owns Sutter Home.",Founders Estate,30,95,California,Napa,California Other,California,M. Trinchero 1996 Founders Estate Cabernet Sauvignon (California),https://www.winemag.com/buying-guide/m-trinchero-1996-founders-estate-cabernet-sauvignon-other/,Cabernet Sauvignon,1996,M. Trinchero
12492,13.8,White,US,California,"Bright freshness rules the day in this delicious vintage of Elias Fernandez's side project with Doug Shafer. Green apple, Meyer lemon and lime flavors provide pleasure, with a tense vibrancy and focused acidity filling the palate.",NULL,28,95,California,Napa,Napa-Sonoma,Carneros,Eighty Four 2017 Albariño (Carneros),https://www.winemag.com/buying-guide/eighty-four-2017-albarino-carneros-293686/,Albariño,2017,Eighty Four
50309,NULL,Dessert,US,California,"Extraordinarily sweet and concentrated, coating the mouth with sugar and honey and the distinctive apricot flavor of botrytis. The underlying fruit flavors veer toward mangoes and papaya, although high acidity makes for a citrusy undercurrent. It's not just rich, it's elegant.",Botrytis,25,95,California,Napa Valley,Napa,Napa Valley,Voss 2000 Botrytis White (Napa Valley),https://www.winemag.com/buying-guide/voss-2000-botrytis-white-napa-valley/,White Blend,2000,Voss
60540,NULL,Red,US,California,"A touch of Viognier ignites a pretty, seductive nose with spicy fruit and cocoa, as well as raspberry and mineral notes. As it unfolds the wine displays enormous complexity, with tart currant and cranberry fruit leading into a tight, sharp, brightly etched finish. It's one of the rare Zins that can stake a legitimate claim to tasting of terroir.",Eastern Exposures,25,95,California,Napa Valley,Napa,Napa Valley,Storybook Mountain 1997 Eastern Exposures Zinfandel (Napa Valley),https://www.winemag.com/buying-guide/storybook-mountain-1997-eastern-exposures-zinfandel-napa-valley/,Zinfandel,1997,Storybook Mountain
60948,NULL,Red,US,California,"There's a good chance you haven't heard of this wine, but drop what you're doing and try to track some down. Its brilliantly pure nose literally explodes from the glass and then gets better with time. Textured but not overdone, this is perfectly ripe Napa fruit from Rutherford and Howell Mountain brought to market with a masterful touch. Sublime vanilla and chocolaty notes in the bouquet, on the palate, and on the finish.",NULL,30,95,California,Napa Valley,Napa,Napa Valley,Karl Lawrence 1996 Cabernet Sauvignon (Napa Valley),https://www.winemag.com/buying-guide/karl-lawrence-1996-cabernet-sauvignon-napa-valley/,Cabernet Sauvignon,1996,Karl Lawrence
69977,13.5,Rose,US,California,"Heitz has made this stellar rosé from the rare Grignolino grape since 1961. Ruby grapefruit-red, it's sultry with strawberry, watermelon, orange zest and salty spice flavor, highlighted with vibrant floral aromas.",Grignolino,24,95,California,Napa Valley,Napa,Napa Valley,Heitz 2016 Grignolino Rosé (Napa Valley),https://www.winemag.com/buying-guide/heitz-2016-grignolino-rose-napa-valley/,Rosé,2016,Heitz
19475,10.5,Dessert,US,California,"This dessert wine has pushed itself to the front of the line of California sweeties, and the '04 is a great bottling. It's enormously sweet in late-harvest character, with apricot liqueur, pineapple tart and vanilla cream flavors that are brightened and boosted with cleansing acidity. So addictively delicious you just can't help yourself.",Tears of Dew Late Harvest,22,95,California,Paso Robles,Central Coast,Paso Robles,EOS 2004 Tears of Dew Late Harvest Moscato (Paso Robles),https://www.winemag.com/buying-guide/eos-2004-tears-dew-late-harvest-muscat-moscato-central-coast-paso-robles/,Moscato,2004,EOS
239063,11.5,Dessert,US,California,"With 21% residual sugar, this is an enormously sweet wine, one of the most honeyed of the vintage. A little sugar goes a long way, of course, but this wine also charms with rich, powerful apricot, peach and vanilla custard flavors, perfectly balanced with crisp acidity. With consistently high scores over the years, Tears of Dew has taken a place in the front ranks of California dessert white wines.",Tears of Dew Late Harvest,22,95,California,Paso Robles,Central Coast,Paso Robles,EOS 2006 Tears of Dew Late Harvest Moscato (Paso Robles),https://www.winemag.com/buying-guide/eos-2006-tears-dew-late-harvest-muscat-moscato-central-coast-paso-robles/,Moscato,2006,EOS
193069,13.5,White,US,California,"Amazingly rich and ripe, defining the Bien Nacido cool-climate style. The grapes hung for a long time in this excellent vintage, getting ripe and balanced, and the wine offers dazzling opulence, while preserving vital acidity. Showcases dessert pastry flavors of pineapples, mangoes, buttered toast, buttercream, meringue and honeysuckle, accented with dusty spices. Simply beautiful from first sniff to the last swallow.",Santa Barbara Historic Vineyards Collection Bien Nacido Vineyard,30,95,California,Santa Maria,Central Coast,Santa Maria Valley,Au Bon Climat 2007 Santa Barbara Historic Vineyards Collection Bien Nacido Vineyard Chardonnay (Santa Maria Valley),https://www.winemag.com/buying-guide/au-bon-climat-2007-santa-barbara-historic-collection-bien-nacido-vineyard-chardonnay-central-coast-santa-maria-valley/,Chardonnay,2007,Au Bon Climat
20245,12.5,Dessert,US,California,"Picked at an unbelievable 38 degrees of brix, with residual sugar of 12.5%, this is a very, very sweet wine. It has an unctuous, honeyed texture, but super-high acidity breaks it up. Flavorwise, it's botrytis-infected apricot-infused crème brûlée. Wow.",Lafond Vineyard Late Harvest,16,95,California,Santa Ynez,Central Coast,Santa Ynez Valley,Santa Barbara Winery 2001 Lafond Vineyard Late Harvest Sauvignon Blanc (Santa Ynez Valley),https://www.winemag.com/buying-guide/santa-barbara-winery-2001-lafond-vineyard-late-harvest-sauvignon-blanc-central-coast-santa-ynez-valley/,Sauvignon Blanc,2001,Santa Barbara Winery
61693,NULL,Red,US,California,"Here's a stunning Merlot, not from the North Coast but a warmish region of Santa Barbara. Shows currant and dark-chocolate aromas with soy, anise and leather. Drinks soft and rich, really high quality, such depth and intensity. A great Merlot, but only 170 cases to go around.",Limited Selection,25,95,California,Santa Ynez,Central Coast,Santa Ynez Valley,Gainey 1996 Limited Selection Merlot (Santa Ynez Valley),https://www.winemag.com/buying-guide/gainey-1996-limited-selection-merlot-central-coast-santa-ynez-valley/,Merlot,1996,Gainey
66126,14.5,Red,US,California,"This is a complex and layered Mourvèdre. Fragrances of rose petals, cinnamon, mace, blackberry and black cherry prove almost overpowering, yet delicious. The palate puts black plum and black cherry together with star anise, clove and an array of baking spice. There's a lot going on, but it's harmonious and balanced.",NULL,30,95,California,Santa Ynez,Central Coast,Santa Ynez Valley,Koehler 2014 Mourvèdre (Santa Ynez Valley),https://www.winemag.com/buying-guide/koehler-2014-mourvedre-santa-ynez-valley/,Mourvèdre,2014,Koehler
193068,13.5,White,US,California,"About as rich and flamboyant as California Chardonnay gets, a wine that blows you away with sheer pyrotechnic wizardry. Massive in grilled pineapples, mangoes, Key lime pie, vanilla honey, crème caramel and dusty spices, accented with perfect acidity.",Santa Barbara Historic Vineyards Collection Sanford &amp; Benedict Vineyard,30,95,California,Santa Ynez,Central Coast,Santa Ynez Valley,Au Bon Climat 2007 Santa Barbara Historic Vineyards Collection Sanford &amp; Benedict Vineyard Chardonnay (Santa Ynez Valley),https://www.winemag.com/buying-guide/au-bon-climat-2007-santa-barbara-historic-collection-sanford-benedict-vineyard-chardonnay-central-coast-santa-ynez-valley/,Chardonnay,2007,Au Bon Climat
154464,11.7,Red,US,California,"Light in color, alcohol and texture, this dynamic wine has a fresh pepper flavor, and is gorgeous all around, like drinking fresh rose petals. This could be enjoyed all day long, every day, but with only 51 cases produced, get it now or you'll miss out on it.",Cedarville,24,95,California,Santa Ynez,Sierra Foothills,Sierra Foothills,La Clarine Farm 2011 Cedarville Mourvèdre (Sierra Foothills),https://www.winemag.com/buying-guide/clarine-farm-2011-cedarville-mourvedre-sierra-foothills/,Mourvèdre,2011,La Clarine Farm
16366,14.1,Red,US,California,"Inky dark and saturated, with scads of glycerine, a serious young wine. Erupts with cascades of white pepper, violets, cassis, plum pudding, rum, molasses, sweet kid leather, root beer and more. In the mouth, the primary fruit is black cherries and kirsch, while the new oak and glycerine makes for a rich, honeyed, almost unguent mouthfeel. Decant if you open it now; should gain additional complexities in the next eight years. Editors' Choice.",Rancho Santa Rosa,30,95,California,Santa Ynez,Central Coast,Sta. Rita Hills,Foley 2004 Rancho Santa Rosa Syrah (Sta. Rita Hills),https://www.winemag.com/buying-guide/foley-2004-rancho-santa-rosa-shiraz-syrah-syrah-central-coast-sta-rita-hills/,Syrah,2004,Foley
194598,14.8,White,US,California,"Massive, opulent, oozing in pineapple créme brulée, honey, buttered toast and cinnamon spice flavors. Totally decadent, and fortunately set off with brisk, citrusy acidity. Calling all lobsters, and don't forget the drawn butter. Sheer hedonism in a glass, at a fantastic price.",NULL,26,95,California,Santa Ynez,Central Coast,Sta. Rita Hills,Melville 2008 Chardonnay (Sta. Rita Hills),https://www.winemag.com/buying-guide/melville-2008-chardonnay-central-coast-sta-rita-hills/,Chardonnay,2008,Melville
195730,14.3,White,US,California,"Don't drink this beauty too cold with your lobster, crab or scallops. It has the weight of a noble wine, with minerality and creaminess giving shape and texture to the leesy, yeasty flavors of pineapples, Key lime pie and ripe pear purée. Aged in 40% new French oak, California Chardonnay hardly gets any better than this.",Ashley's Vineyard,28,95,California,Santa Ynez,Central Coast,Sta. Rita Hills,Fess Parker 2008 Ashley's Vineyard Chardonnay (Sta. Rita Hills),https://www.winemag.com/buying-guide/fess-parker-2008-ashleys-vineyard-chardonnay-central-coast-sta-rita-hills/,Chardonnay,2008,Fess Parker
12262,13.5,White,US,California,"This stainless steel-fermented wine is dry, fresh and delightful. Flavors of apricot and white peach tease the palate and are joined by grapefruit, wet stone and lime zest. The vibrant acidity lingers alongside tones of ginger and oyster shell on the finish.",Dutton Ranch Green Valley Vineyard,30,95,California,Sonoma,Sonoma,Green Valley,Dutton-Goldfield 2017 Dutton Ranch Green Valley Vineyard Gewürztraminer (Green Valley),https://www.winemag.com/buying-guide/dutton-goldfield-2017-dutton-ranch-green-valley-vineyard-gewurztraminer-green-valley-294589/,Gewürztraminer,2017,Dutton-Goldfield
164125,14.4,White,US,California,"A brilliant, completely satisfying Viognier that shows its sunny California terroir in the ripe lemon, peach and mango flavors. It finishes dry, with a steely minerality, like stones and cold metal. Just gorgeous, one of the finest California Viogniers ever.",Saralee's Vineyard,30,95,California,Sonoma,Sonoma,Russian River Valley,Arrowood 2009 Saralee's Vineyard Viognier (Russian River Valley),https://www.winemag.com/buying-guide/arrowood-2009-saralees-vineyard-viognier-sonoma-russian-river-valley/,Viognier,2009,Arrowood
195740,14.5,Red,US,California,"This is De Loach's finest Zinfandel of their five new releases. In fact, it's their best Zinfandel ever, and one that defines Sonoma County cool-climate Zinfandel. It's brilliant in balance and structure, with beautifully sculpted tannins and fine acidity, and just the right touch of oak. Within that package are savory flavors of wild blackberries, picked at their peak under the summer sun. So easy to drink, yet so complex.",O.F.S.,30,95,California,Sonoma,Sonoma,Russian River Valley,De Loach 2007 O.F.S. Zinfandel (Russian River Valley),https://www.winemag.com/buying-guide/loach-2007-ofs-zinfandel-sonoma-russian-river-valley/,Zinfandel,2007,De Loach
176167,14.5,White,US,California,"A brilliant Chardonnay. Almost nothing quite like it out there. Great, zesty acidity makes the mouth water, and oak is strongly there but perfectly vindicated by the power of the underlying flavors. They suggest ripe pineapples and tropical fruits, peaches, honeysuckle and a firm, stony minerality that has to come from the soil. For all the richness, the wine is terrifically dry.",Fort Ross Vineyard,30,95,California,Sonoma,Sonoma,Sonoma Coast,Fort Ross Winery 2009 Fort Ross Vineyard Chardonnay (Sonoma Coast),https://www.winemag.com/buying-guide/fort-ross-2009-vineyard-chardonnay-sonoma-coast/,Chardonnay,2009,Fort Ross Winery
97288,14.3,White,US,California,"This marks another stunning vintage for this blend of 55% Sémillon, 25% Muscadelle, 10% Palomino and 10% Colombard, made by Zin master Mike Officer. Pungent in pear and pineapple, it has cutting-edge minerality, a taste of slate, and remains at turns creamy and crisp on the palate. This wine is unusual in all the right ways yet triumphantly delicious.",The Derivative,28,95,California,Sonoma,Sonoma,Sonoma County,Carlisle 2013 The Derivative White (Sonoma County),https://www.winemag.com/buying-guide/carlisle-2013-the-derivative-white-sonoma-county/,White Blend,2013,Carlisle
208235,14.5,Red,US,California,"This excellent wine from a steep terraced vineyard offers beautiful aromas of lavender and violet that segue to a palate replete with black fruit, black pepper and anise tones. Each flavor seems especially well defined and they layer together harmoniously on a velvety texture that provides good support for all that concentration. Best after 2020.",Tierra,30,95,California,Sonoma,North Coast,Yorkville Highlands,Halcón 2015 Tierra Petite Sirah (Yorkville Highlands),https://www.winemag.com/buying-guide/halcon-2015-tierra-petite-sirah-yorkville-highlands/,Petite Sirah,2015,Halcón
153159,13.5,Red,France,France,"Using fruit sourced from a single vineyard with great sun exposure, this wine takes its name from the stony soil. It provides great balance between the dense black fruit and the taut, minerally texture, expressing the essence of Malbec in Cahors. It certainly needs several years of aging.",Clos Triguedina Les Galets,25,95,Southwest France,Cahors,Cahors,NULL,Jean-Luc Baldès 2008 Clos Triguedina Les Galets Malbec (Cahors),https://www.winemag.com/buying-guide/jean-luc-baldes-2008-clos-triguedina-galets-malbec-cahors/,Malbec,2008,Jean-Luc Baldès
111023,14,Dessert,France,France,"Pure Petit Manseng harvested in November has given the essence of Jurançon. Superbly ripe, botrytised fruit is perfectly balanced with layers of freshness, apricot juice and a crisp, nervy texture. It's a young wine and really should not be drunk before 2018.",Symphonie de Novembre,25,95,Southwest France,Jurancon,Jurançon,NULL,Domaine Cauhapé 2012 Symphonie de Novembre  (Jurançon),https://www.winemag.com/buying-guide/domaine-cauhape-2012-symphonie-novembre-other-white-petit-manseng-jurancon/,Petit Manseng,2012,Domaine Cauhapé
93624,15,Red,France,France,"The home vineyard of Madiran's star, Alain Brumont, has yielded a superb wine that is full of dark tannins and with a considerable ability to age. It is balanced, concentrated and touched by spice and toastiness from the wood aging. In tandem with that are generous fruits within a dense structure that is just beginning to smooth out. Drink from 2018–2038.",Château Bouscassé,20,95,Southwest France,Madiran,Madiran,NULL,Alain Brumont 2010 Château Bouscassé Red (Madiran),https://www.winemag.com/buying-guide/alain-brumont-2010-chateau-bouscasse-red-madiran/,Red Blend,2010,Alain Brumont
211990,13,Red,France,France,"There is a tough, tannic core to this otherwise ripe and fruity wine. All to the good, as this will allow the bold, ripe wine to age well. Black-currant fruits are already showing their hand and will intensify, bringing in richness and a dense texture. Drink this wine from 2025.",NULL,30,95,Bordeaux,Margaux,Margaux,NULL,Château Labégorce Margaux 2015  Margaux,https://www.winemag.com/buying-guide/chateau-labegorce-margaux-2015-margaux-279147/,Bordeaux-style Red Blend,2015,Château Labégorce Margaux
8082,12.5,White,France,France,"A gentle touch of crushed thyme precedes very pure lemon hints on the nose. The palate fills out with far more luscious citrus, suggesting tart but juicy tangerine and more vivid lemon. The fine and slender structure holds all of this zesty, refreshing fruit with grace and lightness—a wonderfully vivid, bright and utterly citrus-driven wine with a long dry refreshing finish.",Schlossberg Grand Cru,24,95,Alsace,Strasbourg,Alsace,NULL,Joseph Fritsch 2017 Schlossberg Grand Cru Riesling (Alsace),https://www.winemag.com/buying-guide/joseph-fritsch-2017-schlossberg-grand-cru-riesling-alsace/,Riesling,2017,Joseph Fritsch
8567,13,White,France,France,"Just tender notes of freshly cut lemon peel reach the nose. A little more air reveals a touch of heady lime. The clean-cut palate sticks to this taut lime and lemon scheme with incisive freshness and tingling zingy tanginess. Cool freshness seems like a vein at the core of this taut, restrained and fresh wine. The finish is dry and clean. This will need time to unfurl its full force of citrus. Drink 2020–2038.",Rosacker Calcaire Grand Cru,25,95,Alsace,Strasbourg,Alsace,NULL,Julien Schaal 2017 Rosacker Calcaire Grand Cru Riesling (Alsace),https://www.winemag.com/buying-guide/julien-schaal-2017-rosacker-calcaire-grand-cru-riesling-alsace/,Riesling,2017,Julien Schaal
8585,13,White,France,France,"The faintest hint of elderflower touches upon the subtle lemon-peel notes on the nose before riper hints of orange appear. The palate comes with real impact but on a very filigree-fine structure that uses lemon zest both as a structural base for freshness and as a swirling aromatic highlight. This is lovely, sinuous, long and concentrated, slender but impactful and rather elegant. Lovely. Drink now through 2040.",Kastelberg Schiste Grand Cru,25,95,Alsace,Strasbourg,Alsace,NULL,Julien Schaal 2017 Kastelberg Schiste Grand Cru Riesling (Alsace),https://www.winemag.com/buying-guide/julien-schaal-2017-kastelberg-schiste-grand-cru-riesling-alsace/,Riesling,2017,Julien Schaal
27387,NULL,White,France,France,"This Pinot Gris shows sweetness, some honey but also a fine mineral structure, which promises aging at least for 10 years. Imported by Maisons Marques &amp; Domaines USA.",Grand Cru Kessler,24,95,Alsace,Strasbourg,Alsace,NULL,Domaines Schlumberger 2001 Grand Cru Kessler Pinot Gris (Alsace),https://www.winemag.com/buying-guide/domaines-schlumberger-2001-grand-cru-kessler-pinot-grigio-gris-gris-alsace/,Pinot Gris,2001,Domaines Schlumberger
75371,13,White,France,France,"There is something very pure and lifted about this: right now it is so taut that it just says citrus and stone. There is something both ripe and tart, a very lemon-like freshness, with generosity and fruit. There is unusual concentration and for now, while the aromas are still tightly wound, the absolutely stony serious texture is on full display. The purity of this is astonishing and has something authentic and enticing about it. Give this time. Drink 2020–2040.",Kastelberg Grand Cru,30,95,Alsace,Strasbourg,Alsace,NULL,Biecher &amp; Schaal 2015 Kastelberg Grand Cru Riesling (Alsace),https://www.winemag.com/buying-guide/biecher-schaal-2015-kastelberg-grand-cru-riesling-alsace/,Riesling,2015,Biecher &amp; Schaal
122283,13,White,France,France,"With its few years bottle aging, this is developing into a fabulous wine. From one of the top Grand Cru vineyards in southern Alsace, it has richness while still preserving a light touch that brings out acidity and tight fruitiness. To contrast, the mineral texture adds a tense factor, very crisp and allowing the wine to age further. Drink until 2025.",Kessler Grand Cru,30,95,Alsace,Strasbourg,Alsace,NULL,Domaines Schlumberger 2010 Kessler Grand Cru Riesling (Alsace),https://www.winemag.com/buying-guide/domaines-schlumberger-2010-kessler-grand-cru-riesling-grand-cru/,Riesling,2010,Domaines Schlumberger
136822,13.5,White,France,France,"There is both wonderful bite and density to this great wine. It has a weighty texture full of ripe, rich fruit. At the same time, the wine is bone dry and crisp with acidity. It' s just beginning to mature, and while enjoyable now, it's better to wait until 2016.",Kessler Grand Cru,30,95,Alsace,Strasbourg,Alsace,NULL,Domaines Schlumberger 2009 Kessler Grand Cru Riesling (Alsace),https://www.winemag.com/buying-guide/domaines-schlumberger-2009-kessler-grand-cru-riesling-grand-cru/,Riesling,2009,Domaines Schlumberger
215693,13,White,France,France,"Chamomile and ripe, red-apple notes make for an appetizing nose. The palate adds lovely vivid notes of zesty tangerine to this. Aromas of hay flowers also appear on this shimmering, aromatic, tight, taut and linear Riesling. Concentration fills the mouth with wonderfully light but sure-footed brightness and flavor. The dry long finish has a grounding earthy touch. Simply wonderful. Drink 2017–2035.",Kastelberg Grand Cru Schiste,25,95,Alsace,Strasbourg,Alsace,NULL,Julien Schaal 2016 Kastelberg Grand Cru Schiste Riesling (Alsace),https://www.winemag.com/buying-guide/julien-schaal-2016-kastelberg-grand-cru-schiste-riesling-alsace/,Riesling,2016,Julien Schaal
215727,13.5,White,France,France,"A flinty touch of promising reduction still hovers on the nose but cheeky floral and fruity hints of honeysuckle, jasmine and peach shimmer through. The palate unites all of these aromatic notions on a textured, layered and concentrated palate. The hints of honeysuckle spice are intensified by the ripe zestiness of Amalfi lemon and tangerine. The finish is dry and long, with ample refreshment from these gorgeous citrus notes. This is glorious now in its youthful exuberance but has the concentration, structure and fruit to age beautifully. Drink 2017–2035.",Goldert Grand Cru,26,95,Alsace,Strasbourg,Alsace,NULL,Domaine Zind-Humbrecht 2015 Goldert Grand Cru Muscat (Alsace),https://www.winemag.com/buying-guide/domaine-zind-humbrecht-2015-goldert-grand-cru-muscat-alsace/,Muscat,2015,Domaine Zind-Humbrecht
60896,13.5,Red,Italy,Italy,"One of the most satisfying wines I have had in a long time. A blend of Negro-amaro (80%) and four other red grapes crafted by the brothers Apollonio in southern Italy. Deep red with aromas of ripe black cherries, nutmeg and leather. An extraordinary wine that could probably sell in the $25 range.",NULL,10,95,Southern Italy,Copertino,Copertino,NULL,Apollonio 1997 Red (Copertino),https://www.winemag.com/buying-guide/apollonio-1997-red-copertino/,Red Blend,1997,Apollonio
10490,14,Red,Italy,Italy,"Elegantly structured, delicious and loaded with personality, this benchmark Nizza offers earthy aromas of truffle, leather, game, pressed violet and ripe black-skinned fruit. The aromas carry over to the savory palate, along with star anise, black cherry, mature plum and crushed mint. It's balanced by polished tannins and fresh acidity. Drink through 2025.",Cipressi,25,95,Piedmont,Barolo,Nizza,NULL,95pointsMichele Chiarlo 2015 Cipressi  (Nizza)Editors' Choice,https://www.winemag.com/buying-guide/michele-chiarlo-2015-cipressi-nizza/,Barbera,2015,Michele Chiarlo
88852,13.5,Red,Italy,Italy,"Fragrant and loaded with finesse, this opens with aromas of wild berry, blue flower, new leather, aromatic herb and a whiff of exotic spice. The structured, elegant palate delivers layers of red cherry, strawberry, flinty mineral, orange zest, star anise and clove framed in firm, polished tannins and bright acidity. It's still young and will develop even more complexity. Drink 2019–2029.",Contrada Monte San Nicolò,30,95,Sicily &amp; Sardinia,Sicily,Etna,NULL,Biondi 2014 Contrada Monte San Nicolò  (Etna),https://www.winemag.com/buying-guide/biondi-2014-contrada-monte-san-nicolo-etna/,Red Blend,2014,Biondi
88853,12,Red,Italy,Italy,"Radiant and earthy, this blend of Frappato and Nero d'Avola boasts enticing scents suggesting dark-skinned berry, leather, sunbaked earth, sea breeze and a floral note. The creamy, succulent palate doles out juicy black cherry, black raspberry, white pepper and aromatic herb alongside supple tannins and fresh acidity. A saline note wraps up the finish. Drink 2017–2024.",Pithos Rosso,30,95,Sicily &amp; Sardinia,Sicily,Vittoria,NULL,COS 2014 Pithos Rosso Red (Vittoria),https://www.winemag.com/buying-guide/cos-2014-pithos-rosso-red-vittoria/,Red Blend,2014,COS
73432,14,White,Italy,Italy,"You'll need to swirl the glass a few times to release the enticing scents of yellow stone fruit, Alpine herb and an intriguing smoky note. The savory vibrant palate is more expressive, delivering layers of crunchy green apple, zesty tangerine and juicy yellow peach set against crisp acidity. A flinty mineral note graces the lingering finish, lending even more depth. Drink through 2020.",Praepositus,25,95,Alto Adige,Trento,Alto Adige,NULL,Abbazia di Novacella 2015 Praepositus Kerner (Alto Adige),https://www.winemag.com/buying-guide/abbazia-di-novacella-2015-praepositus-kerner-alto-adige/,Kerner,2015,Abbazia di Novacella
101059,10,Dessert,US,Oregon,"This sweet, luscious, dessert-style wine keeps enough acidity to contrast and compensate for the sugar. There's nothing flabby here, but how sweet it is! Caramel apples, molasses, maple syrup and honey coalesce around concentrated fruits, ranging from citrus through tropical. Orange and peach, pineapple and papaya are all to be found. A half bottle is rich enough to satisfy four tasters.",NULL,24,95,Oregon,Dayton,Oregon Other,Oregon,Sineann 2013 Riesling (Oregon),https://www.winemag.com/buying-guide/sineann-2013-riesling-oregon/,Riesling,2013,Sineann
107652,11.5,White,US,Oregon,"Details of tea leaf, peach skin and pear introduce a wine with tremendous texture and length. The off-dry sweetness is counterbalanced by tart acidity, creating perfect tension and continuing into a lingering, satisfying finish. As with all these young wines, this will improve dramatically with ample aeration.",Wichmann Dundee Estate,28,95,Oregon,Eugene,Willamette Valley,Dundee Hills,Trisaetum 2014 Wichmann Dundee Estate Riesling (Dundee Hills),https://www.winemag.com/buying-guide/trisaetum-2014-wichmann-dundee-estate-riesling-willamette-valley-dundee-hills/,Riesling,2014,Trisaetum
204511,11.3,Dessert,US,Oregon,"This maintains a fine balance between its sugar (145 g/L) and driving acidity. Its lemon drop, black tea, brown sugar, candied citrus and caramel flavors are bright and brilliant. The complexity and sheer deliciousness make it irresistible.",Wine Country Farm Estate Late Harvest,30,95,Oregon,Eugene,Willamette Valley,Dundee Hills,Armonéa 2014 Wine Country Farm Estate Late Harvest Riesling (Dundee Hills),https://www.winemag.com/buying-guide/armonea-2014-wine-country-farm-estate-late-harvest-riesling-dundee-hills/,Riesling,2014,Armonéa
211995,12.6,White,US,Oregon,"The tiny Ribbon Ridge AVA is becoming well known for Oregon Riesling. This succulent, fruit-packed young wine displays impeccably clean apple, peach, pear, apricot and melon flavors. Minerally acidity keeps it lively and fresh, and its intensity and balance suggest it will age for decades. Drink now through 2035 and beyond.",Whimsy Estate,20,95,Oregon,Eugene,Willamette Valley,Ribbon Ridge,Styring 2014 Whimsy Estate Riesling (Ribbon Ridge),https://www.winemag.com/buying-guide/styring-2014-whimsy-estate-riesling-ribbon-ridge/,Riesling,2014,Styring
167587,14.3,White,US,Washington,"The Celilo vineyard has contributed the fruit to many outstanding Chardonnays from a who's who list of winemakers, but none better than this. Intensely concentrated and deeply extracted, it explodes with marvelously pure fruit flavors—the full range of citrus, citrus peel and crisp tree fruits. A wine with perfect virtually balance, exceptional texture and amazing length.",NULL,30,95,Washington,Dayton,Washington Other,Columbia Gorge (WA),Tranche 2008 Chardonnay (Columbia Gorge (WA)),https://www.winemag.com/buying-guide/tranche-2008-chardonnay-other-columbia-gorge-wa/,Chardonnay,2008,Tranche
27948,NULL,Red,US,Washington,"A phenomenally brilliant effort from this emerging superstar winery. The Merlot is enhanced with 17% Cabernet, 5% Syrah and 2% Cab Franc. You wonï¿½t find Merlot from anywhere else in the country that shows so much supple power and structure. Vibrant fruit is polished to a fine luster with perfectly applied oak ï¿½seasoningï¿½ that adds toast, butter, coconut, cedar and smoke, lifted with scents of tobacco, citrus and leaf. You run out of superlatives for this wine.",NULL,28,95,Washington,Dayton,Columbia Valley,Columbia Valley (WA),Fielding Hills 2003 Merlot (Columbia Valley (WA)),https://www.winemag.com/buying-guide/fielding-hills-2003-merlot-columbia-valley-wa/,Merlot,2003,Fielding Hills
136820,15.5,Red,US,Washington,"Alcohol that reaches these levels is often a complexity killer, but not here. This is a stunningly delicious wine, with ripe, powerful and concentrated black fruits. Baking spices, tar, pencil lead, even a whiff of compost all add to the complexity and the depth of flavor is magnificent. This can age at least a decade but is delicious already!",Whipping Boy,25,95,Washington,Dayton,Columbia Valley,Columbia Valley (WA),Southard 2010 Whipping Boy Cabernet Sauvignon (Columbia Valley (WA)),https://www.winemag.com/buying-guide/southard-2010-whipping-boy-cabernet-sauvignon-columbia-valley-wa/,Cabernet Sauvignon,2010,Southard
131042,12.5,White,US,Washington,"Spectacular is the word that comes to mind here. Tasted over many hours, this stunning effort proved itself over and over. A mix of citrus oils, tree fruits, a hint of honey, tea, lemon verbena and more, it delivers astonishing complexity and flavor for such a young wine. It should continue to evolve and improve from 2024–2034.",Bacchus Vineyard,20,95,Washington,Dayton,Columbia Valley,Columbia Valley (WA),Januik 2012 Bacchus Vineyard Riesling (Columbia Valley (WA)),https://www.winemag.com/buying-guide/januik-2012-bacchus-vineyard-riesling-columbia-valley-wa/,Riesling,2012,Januik
155924,11.8,White,US,Washington,"Truly stunning, the Lewis Estate Riesling from Dunham explodes with fragrant fruits—citrus, melon and tropical. A symphony of subtle accents, such as powdered sugar, candied citrus peel and breakfast tea, this gorgeous bottle belongs with the short list of the very best of Washington's many Rieslings.",Lewis Estate Vineyard,20,95,Washington,Dayton,Columbia Valley,Columbia Valley (WA),Dunham 2010 Lewis Estate Vineyard Riesling (Columbia Valley (WA)),https://www.winemag.com/buying-guide/dunham-2010-lewis-estate-vineyard-riesling-columbia-valley-wa/,Riesling,2010,Dunham
187563,NULL,White,US,Washington,"With residual sugar at about 1.35%, this balances the acidity without seeming sweet. Hand-picked and whole-cluster pressed, this immaculate, fresh, generous and stylish Riesling is always at the top of the list of Washington's best. Loaded with grapefruit, citrus and stone flavors, it cleans the palate and piles on the details as it rolls into a finish that lingers for well over a full minute.",NULL,20,95,Washington,Dayton,Columbia Valley,Columbia Valley (WA),Poet's Leap 2009 Riesling (Columbia Valley (WA)),https://www.winemag.com/buying-guide/poets-leap-2009-riesling-columbia-valley-wa/,Riesling,2009,Poet's Leap
199684,NULL,White,US,Washington,"Beautifully floral, fragrant and evocative, with lush and complex aromas of honeycomb, cracker and citrus, carrying into the mouth with rich, bright, detailed flavors. Stone and mineral elements are woven throughout, and the barrel fermentation adds hints of toast.",Sémillon-Sauvignon-Muscadelle,25,95,Washington,Dayton,Columbia Valley,Columbia Valley (WA),Buty 2008 Sémillon-Sauvignon-Muscadelle Semillon-Sauvignon Blanc (Columbia Valley (WA)),https://www.winemag.com/buying-guide/buty-2008-semillon-sauvignon-muscadelle-white-blend-semillon-sauvignon-blanc-columbia-valley-wa/,Semillon-Sauvignon Blanc,2008,Buty
18583,NULL,Red,US,Washington,"Dark, tannic and smoky, this has more tarry tobacco flavor than the other two reds in this series. Muscular, dense and tight, it offers cassis, raspberry and sappy, delicious red fruits. This is very young, very tight, but already nuanced with extraordinary notes of leaf and clean herb. It'll be interesting to see where it goes in 5–10 years.",NULL,30,95,Washington,Dayton,Columbia Valley,Wahluke Slope,Fielding Hills 2004 Cabernet Sauvignon (Wahluke Slope),https://www.winemag.com/buying-guide/fielding-hills-2004-cabernet-sauvignon-columbia-valley-wahluke-slope/,Cabernet Sauvignon,2004,Fielding Hills
199677,NULL,White,US,Washington,"Among McCrea's Rhône-inspired white wines, this is the most complete and complex. It's rich and dense, with honeycomb, lychee, lemon rind, pineapple and lots of stone—lovely and lingering. It seems to gain strength as it rolls through a sensational finish.",Boushey Vineyard Sirocco Blanc,25,95,Washington,Dayton,Columbia Valley,Yakima Valley,McCrea 2008 Boushey Vineyard Sirocco Blanc White (Yakima Valley),https://www.winemag.com/buying-guide/mccrea-2008-boushey-vineyard-sirocco-blanc-white-columbia-valley-yakima/,White Blend,2008,McCrea
37687,NULL,Red,US,Washington,"Sophisticated winemaking meets gorgeous fruit in this unusual blend: 30% Cabernet Sauvignon, 30% Syrah, 20% Merlot and 20% Cab Franc. The Syrah's fresh citrus flavors are perfect in the context of the sappy Merlot and harder Cabs, making a wonderful blend that is immediately accessible with sweet, round fruit; then  lingers into a long, textured, lively finish.",Stone River Red Wine,28,95,Washington,Walla Walla,Columbia Valley,Walla Walla Valley (WA),Beresan 2002 Stone River Red Wine Red (Walla Walla Valley (WA)),https://www.winemag.com/buying-guide/beresan-2002-stone-river-red-wine-columbia-valley-walla-walla-wa/,Red Blend,2002,Beresan
131038,14.2,White,US,Washington,"Simply sensational, this estate-grown Viognier raises the bar for everyone. It's a glorious mesh of citrus flesh and rind, elevated with spicy highlights of orange, tangerine and Meyer lemon. Outstanding concentration, focus and depth, with juicy acidity underlying an astonishing finish.",NULL,30,95,Washington,Walla Walla,Columbia Valley,Walla Walla Valley (WA),Abeja 2012 Viognier (Walla Walla Valley (WA)),https://www.winemag.com/buying-guide/abeja-2012-viognier-columbia-valley-walla-walla-wa/,Viognier,2012,Abeja
161191,14,White,US,Washington,"Simply astonishing for its price, this toasty, rich wine matches ripe flavors of peach, red apple and light tropical fruit. Thick, juicy, and seductive, it finishes with a lick of butterscotch.",NULL,20,95,Washington,Walla Walla,Columbia Valley,Walla Walla Valley (WA),Rulo 2010 Chardonnay (Walla Walla Valley (WA)),https://www.winemag.com/buying-guide/rulo-2010-chardonnay-columbia-valley-walla-walla-wa/,Chardonnay,2010,Rulo
