filename,record number 1,record number 2,alcohol,category,country,description,designation,price,rating,cost per point,region,region coordinates ,region latitude,region longitude,subregion,subregion coordinates ,subregion latitude,subregion longitude,title,url,varietal,vintage,winery
winemag 3201 to 4000,14777,107657,13,White,France,"Mineral and flinty at the start, this young wine has an intense structure. Tannins and fruit skins give a strong, tight texture. At the same time, the acidity is just as intense, crisp and juicy, tight and needing many years to develop. Drink from 2018.",Montée de Tonnerre Premier Cru,39,95,0.41,Burgundy,"47.0525047, 4.3837215",47.0525047,4.3837215,Chablis,"47.8152690, 3.8004510",47.815269,3.800451,Domaine Jean-Paul et Benoît Droin 2013 Montée de Tonnerre Premier Cru  (Chablis),https://www.winemag.com/buying-guide/domaine-jean-paul-benoit-droin-2013-montee-tonnerre-premier-cru-chardonnay-chablis/,Chardonnay,2013,Domaine Jean-Paul et Benoît Droin
winemag 3201 to 4000,14778,107658,13,White,France,"Rich and open, this is a generous, full-throated wine. There is a good contrast between the ripeness and a line of acidity that gives a steely, textured backbone. The end combines the two characters, a ripe, full aftertaste cut with a touch of steel. Drink from 2017.",Mont de Milieu Premier Cru,42,95,0.44,Burgundy,"47.0525047, 4.3837215",47.0525047,4.3837215,Chablis,"47.8152690, 3.8004510",47.815269,3.800451,Domaine Pinson 2013 Mont de Milieu Premier Cru  (Chablis),https://www.winemag.com/buying-guide/domaine-pinson-2013-mont-milieu-premier-cru-chardonnay-chablis/,Chardonnay,2013,Domaine Pinson
winemag 3201 to 4000,14797,107677,13,White,France,"From ripe fruits, in the Pinson style, this is a rich, generous and concentrated wine. There is great fruitiness from the ripe apricot and pear flavors, cut with acidity to give an edge of freshness. Spice and fragrant acidity mark the finish.",Fourchaume Premier Cru,42,95,0.44,Burgundy,"47.0525047, 4.3837215",47.0525047,4.3837215,Chablis,"47.8152690, 3.8004510",47.815269,3.800451,Domaine Pinson 2013 Fourchaume Premier Cru  (Chablis),https://www.winemag.com/buying-guide/domaine-pinson-2013-fourchaume-premier-cru-chardonnay-chablis/,Chardonnay,2013,Domaine Pinson
winemag 3201 to 4000,14806,107686,13,White,France,"This rich, generous and soft wine has a ripe feel along with plenty of acidity. The freshness is cushioned by ripe yellow and pear fruit flavors. It has power as well as minerality, and a touch of toast comes through at the end. Drink from 2018.",Grenouilles Grand Cru,69,95,0.73,Burgundy,"47.0525047, 4.3837215",47.0525047,4.3837215,Chablis,"47.8152690, 3.8004510",47.815269,3.800451,Domaine Jean-Paul et Benoît Droin 2013 Grenouilles Grand Cru  (Chablis),https://www.winemag.com/buying-guide/domaine-jean-paul-benoit-droin-2013-grenouilles-grand-cru-chardonnay-chablis/,Chardonnay,2013,Domaine Jean-Paul et Benoît Droin
winemag 3201 to 4000,2627,95507,13,White,France,This is slowly developing into a beautiful wine. It dazzles with its combination of fresh acidity and generously ripe yellow-fruit flavors. The texture and structure give a steely edge to this impressive wine. Drink from 2020.,Les Clos Grand Cru,70,95,0.74,Burgundy,"47.0525047, 4.3837215",47.0525047,4.3837215,Chablis,"47.8152690, 3.8004510",47.815269,3.800451,Domaine Louis Moreau 2012 Les Clos Grand Cru  (Chablis),https://www.winemag.com/buying-guide/domaine-louis-moreau-2012-les-clos-grand-cru-chablis/,Chardonnay,2012,Domaine Louis Moreau
winemag 6401 to 7200,3246,158383,,White,France,"This is taut and mineral, with hidden power. It's very closed at this stage. It's a wine with acidity and notes of green fruits and crisp apples, with just a touch of wood. This will age for many years.",Les Clos Grand Cru,70,95,0.74,Burgundy,"47.0525047, 4.3837215",47.0525047,4.3837215,Chablis,"47.8152690, 3.8004510",47.815269,3.800451,Domaine Jean-Paul et Benoît Droin 2010 Les Clos Grand Cru  (Chablis),https://www.winemag.com/buying-guide/domaine-jean-paul-benoit-droin-2010-clos-grand-cru-chardonnay-chablis/,Chardonnay,2010,Domaine Jean-Paul et Benoît Droin
winemag 8001 to 8800,4250,190655,13,White,France,"In the tight mineral side of Chablis, a wine with a terrific density of texture. The flavors are in the lemon grass, citrus line, a pure shaft of steel going through the fruit. Taut, tense, very vivid.",Les Preuses Grand Cru,74,95,0.78,Burgundy,"47.0525047, 4.3837215",47.0525047,4.3837215,Chablis,"47.8152690, 3.8004510",47.815269,3.800451,William Févre 2008 Les Preuses Grand Cru  (Chablis),https://www.winemag.com/buying-guide/william-fevre-2008-preuses-grand-cru-chardonnay-chablis/,Chardonnay,2008,William Févre
winemag 8001 to 8800,4409,190814,13,White,France,"Big and rich, this opulent and ripe-fruited wine is packed with peach and pineapple flavors along with a more severe grapefruit edge. It has great density of flavor, the acidity bringing out so much delicious juicy fruit.",Côte Bougerots Bougros Grand Cru,74,95,0.78,Burgundy,"47.0525047, 4.3837215",47.0525047,4.3837215,Chablis,"47.8152690, 3.8004510",47.815269,3.800451,William Févre 2008 Côte Bougerots Bougros Grand Cru  (Chablis),https://www.winemag.com/buying-guide/william-fevre-2008-cote-bougerots-bougros-grand-cru-chardonnay-chablis/,Chardonnay,2008,William Févre
winemag 8001 to 8800,4249,190654,,White,France,"An opulent, weighty wine, packed with lemon fruits, wood caramel sweetness and a delicious tasty character. It is lip-smacking in its ripeness and freshness, the final flavor bringing together acidity and a creamy texture.",Le Cailleret Premier Cru,75,95,0.79,Burgundy,"47.0525047, 4.3837215",47.0525047,4.3837215,Puligny-Montrachet,"46.9450920, 4.7532960",46.945092,4.753296,Domaine Michel Bouzereau 2008 Le Cailleret Premier Cru  (Puligny-Montrachet),https://www.winemag.com/buying-guide/domaine-michel-bouzereau-2008-le-cailleret-premier-cru-chardonnay-puligny-montrachet/,Chardonnay,2008,Domaine Michel Bouzereau
winemag 9601 to 10400,8120,240776,,White,France,"There is much concentration and freshness here, along with much power and intense minerality. The wine is very rich with butter, ripe fruit and layers of considerable acidity. Wait 6 years at least.",Les Preuses Grand Cru,76,95,0.8,Burgundy,"47.0525047, 4.3837215",47.0525047,4.3837215,Chablis,"47.8152690, 3.8004510",47.815269,3.800451,Domaine Vincent Dauvissat 2005 Les Preuses Grand Cru  (Chablis),https://www.winemag.com/buying-guide/domaine-vincent-dauvissat-2005-preuses-grand-cru-chardonnay-chablis/,Chardonnay,2005,Domaine Vincent Dauvissat
winemag 8001 to 8800,9142,195547,13,White,France,"A ripe, bold and impressive wine, showing yellow peaches and pineapple flavors to go with its tight core of minerality. There is a touch of wood, but the main thrust is for broad fruit, open and welcoming.",Cote Bouguerots Bougros Grand Cru,80,95,0.84,Burgundy,"47.0525047, 4.3837215",47.0525047,4.3837215,Chablis,"47.8152690, 3.8004510",47.815269,3.800451,William Févre 2007 Cote Bouguerots Bougros Grand Cru  (Chablis),https://www.winemag.com/buying-guide/william-fevre-2007-cote-bouguerots-bougros-grand-cru-chardonnay-chablis/,Chardonnay,2007,William Févre
winemag 8801 to 9600,8996,225977,13,White,France,"A beautiful wine, a pure expression of ripe but steely Chardonnay. The wine floats onto the palate, with green plums and citrus leading. Then come toast, a mouthwatering acidity and a mineral structure. This wine's complexity just continues to impress.",Bougros Côte Bouguerots Grand Cru,80,95,0.84,Burgundy,"47.0525047, 4.3837215",47.0525047,4.3837215,Chablis,"47.8152690, 3.8004510",47.815269,3.800451,William Févre 2006 Bougros Côte Bouguerots Grand Cru  (Chablis),https://www.winemag.com/buying-guide/william-fevre-2006-bougros-cote-bouguerots-grand-cru-chardonnay-chablis/,Chardonnay,2006,William Févre
winemag 8001 to 8800,4251,190656,12.5,White,France,"Tight and steely in character, a serious wine that is all tight, mineral structure. It has great potential, its texture dominated by citrus and green apple elements. Age for at least five years.",Les Clos Grand Cru,85,95,0.89,Burgundy,"47.0525047, 4.3837215",47.0525047,4.3837215,Chablis,"47.8152690, 3.8004510",47.815269,3.800451,William Févre 2008 Les Clos Grand Cru  (Chablis),https://www.winemag.com/buying-guide/william-fevre-2008-clos-grand-cru-chardonnay-chablis/,Chardonnay,2008,William Févre
winemag 9601 to 10400,8122,240778,,White,France,"Often seen as the easiest of the grand crus because of its richness, this shows more power due to the vintage. There is some tightness to the ripe structure, with white currant, pear skin and spice flavors. Finishes with sweet acidity.",Les Preuses Grand Cru,85,95,0.89,Burgundy,"47.0525047, 4.3837215",47.0525047,4.3837215,Chablis,"47.8152690, 3.8004510",47.815269,3.800451,William Févre 2005 Les Preuses Grand Cru  (Chablis),https://www.winemag.com/buying-guide/william-fevre-2005-preuses-grand-cru-chardonnay-chablis/,Chardonnay,2005,William Févre
winemag 9601 to 10400,8123,240779,,White,France,"Using the old name for Bougros, this is from the steepest portion of the Bougros vineyard. The pure chalk soil gives it pronounced minerality, and it shows firm structure, with green apples, toast and a very firm, tight character. This wine definitely needs to age; give it 5-8 years.",Bougros Bouguerots Grand Cru,86,95,0.91,Burgundy,"47.0525047, 4.3837215",47.0525047,4.3837215,Chablis,"47.8152690, 3.8004510",47.815269,3.800451,William Févre 2005 Bougros Bouguerots Grand Cru  (Chablis),https://www.winemag.com/buying-guide/william-fevre-2005-bougros-bouguerots-grand-cru-chardonnay-chablis/,Chardonnay,2005,William Févre
winemag 1601 to 2400,10117,72067,13,White,France,"This small property with its own Château lies within the lower portion of Vaudésir but is considered a Grand Cru in its own right. The wine-the flagship of the cooperative-is opulent, showing strong wood aging flavors that will soften with time. Ripe and generous with yellow fruit flavor, it also boasts a tight mineral acidity and crispness, making it a good candidate for cellaring. Drink from 2021.",Château Grenouilles Grand Cru,89,95,0.94,Burgundy,"47.0525047, 4.3837215",47.0525047,4.3837215,Chablis,"47.8152690, 3.8004510",47.815269,3.800451,La Chablisienne 2014 Château Grenouilles Grand Cru  (Chablis),https://www.winemag.com/buying-guide/la-chablisienne-2014-chateau-grenouilles-grand-cru-chablis/,Chardonnay,2014,La Chablisienne
winemag 4001 to 4800,15114,123527,13,White,France,"This grandest of the Chablis Grand Crus is giving very little at this early stage in its development. It's a serious and powerful wine, with rich fruits still dominated by steely acidity. Wait until 2019 and it will be a powerhouse of complex, ripe and structured flavors.",Les Clos Grand Cru,89,95,0.94,Burgundy,"47.0525047, 4.3837215",47.0525047,4.3837215,Chablis,"47.8152690, 3.8004510",47.815269,3.800451,Pascal Bouchard 2012 Les Clos Grand Cru  (Chablis),https://www.winemag.com/buying-guide/pascal-bouchard-2012-clos-grand-cru-chardonnay-chablis/,Chardonnay,2012,Pascal Bouchard
winemag 1 to 800,4077,4077,13,White,France,"This is a structured wine, ripe while layered with minerality and a full texture. Rich yellow and white stone fruits are cut with steely acidity that shows the wine's aging potential. Coming from arguably the finest of the Grand Cru vineyards, the wine is still young. Wait until 2023.",Les Clos Grand Cru,90,95,0.95,Burgundy,"47.0525047, 4.3837215",47.0525047,4.3837215,Chablis,"47.8152690, 3.8004510",47.815269,3.800451,Jean-Marc Brocard 2016 Les Clos Grand Cru  (Chablis),https://www.winemag.com/buying-guide/jean-marc-brocard-2016-les-clos-grand-cru-chablis-304479/,Chardonnay,2016,Jean-Marc Brocard
winemag 3201 to 4000,14802,107682,13,White,France,"From vines on the sunny side of the vineyard, this wine is richly textured and structured, full of generous yellow and white fruits, spice and layers of wood aging. It has a honeyed character, typical of 2013, with a tight, taut, crisp acidity at the end. Drink this strongly structured wine from 2019.",Vaudésir Grand Cru,90,95,0.95,Burgundy,"47.0525047, 4.3837215",47.0525047,4.3837215,Chablis,"47.8152690, 3.8004510",47.815269,3.800451,William Févre 2013 Vaudésir Grand Cru  (Chablis),https://www.winemag.com/buying-guide/william-fevre-2013-vaudesir-grand-cru-chardonnay-chablis/,Chardonnay,2013,William Févre
winemag 5601 to 6400,6872,146343,13,White,France,"Château Grenouilles is a parcel within the Grenouilles Grand Cru, a monopoly of the La Chablisienne cooperative. The wine is always impressive. It has weight, richness, concentration and considerable potential. Yellow fruits, wood-aging, spice and a firm structure indicate keeping this wine for six years.",Château Grenouilles Grand Cru,90,95,0.95,Burgundy,"47.0525047, 4.3837215",47.0525047,4.3837215,Chablis,"47.8152690, 3.8004510",47.815269,3.800451,La Chablisienne 2010 Château Grenouilles Grand Cru  (Chablis),https://www.winemag.com/buying-guide/chablisienne-2010-chateau-grenouilles-grand-cru-chardonnay-chablis/,Chardonnay,2010,La Chablisienne
winemag 8801 to 9600,9184,226165,13,White,France,"What makes a great Chablis grand cru? It's the intensity of flavor, which can be found in this wine. Its green and white fruits are layered with wood spice and an ineffable crispness that allows the wine to show the purity of Chardonnay and the great terroir at the same time.",Les Clos Grand Cru,90,95,0.95,Burgundy,"47.0525047, 4.3837215",47.0525047,4.3837215,Chablis,"47.8152690, 3.8004510",47.815269,3.800451,William Févre 2006 Les Clos Grand Cru  (Chablis),https://www.winemag.com/buying-guide/william-fevre-2006-clos-grand-cru-chardonnay-chablis/,Chardonnay,2006,William Févre
winemag 3201 to 4000,14800,107680,13,White,France,"A very mineral, flinty character comes through the powerful texture of this rich, dense wine. The ripest, almost honeyed fruit is cut by lime, lemon and orange peel. It is a complex wine for aging; drink from 2019.",Drouhin-Vaudon Les Clos Grand Cru,95,95,1,Burgundy,"47.0525047, 4.3837215",47.0525047,4.3837215,Chablis,"47.8152690, 3.8004510",47.815269,3.800451,Joseph Drouhin 2013 Drouhin-Vaudon Les Clos Grand Cru  (Chablis),https://www.winemag.com/buying-guide/joseph-drouhin-2013-vaudon-clos-grand-cru-chardonnay-chablis/,Chardonnay,2013,Joseph Drouhin
winemag 4001 to 4800,15172,123585,13,White,France,"Château Grenouilles is crafted from a portion of the Grenouilles Grand Cru Vineyard that is wholly owned by La Chablisienne. It produces its flagship wine: dense, powerful and concentrated, with a strong mineral and racy texture. It's destined for a long life thanks to its woody richness and tight acidity. Drink from 2018.",Château Grenouilles Grand Cru,95,95,1,Burgundy,"47.0525047, 4.3837215",47.0525047,4.3837215,Chablis,"47.8152690, 3.8004510",47.815269,3.800451,La Chablisienne 2011 Château Grenouilles Grand Cru  (Chablis),https://www.winemag.com/buying-guide/chablisienne-2011-chateau-grenouilles-grand-cru-chardonnay-chablis/,Chardonnay,2011,La Chablisienne
winemag 8001 to 8800,9325,195730,13,White,France,"A bright, steely wine with great concentration and a tight, mineral character. This is impressive Grand Cru Chablis for the long term, based for the moment on lime, almonds and green plums, but itching to broaden out.",Les Preuses Grand Cru,95,95,1,Burgundy,"47.0525047, 4.3837215",47.0525047,4.3837215,Chablis,"47.8152690, 3.8004510",47.815269,3.800451,William Févre 2007 Les Preuses Grand Cru  (Chablis),https://www.winemag.com/buying-guide/william-fevre-2007-preuses-grand-cru-chardonnay-chablis/,Chardonnay,2007,William Févre
winemag 3201 to 4000,14784,107664,13,White,France,"This apple-crisp wine has tight acidity and touches of wood rounded out by yellow fruits. It is ripe and very full, the nervy, mineral character contrasting with the richness that is now developing. It will age slowly, so don't drink before 2020.",Valmur Grand Cru,97,95,1.02,Burgundy,"47.0525047, 4.3837215",47.0525047,4.3837215,Chablis,"47.8152690, 3.8004510",47.815269,3.800451,Domaine Christian Moreau Pére et Fils 2013 Valmur Grand Cru  (Chablis),https://www.winemag.com/buying-guide/domaine-christian-moreau-pere-fils-2013-valmur-grand-cru-chardonnay-chablis/,Chardonnay,2013,Domaine Christian Moreau Pére et Fils
winemag 7201 to 8000,11530,182301,13.5,White,France,"The magnificent wines from the Marquis de Laguiche estate are produced by Joseph Drouhin. This Morgeot is rich, intense, beautifully concentrated. It has toast, apricot and peach fruits to go with its tight mineral texture. Delicious now, but will age for many years.",Marquis de Laguiche Morgeot Premier Cru,99,95,1.04,Burgundy,"47.0525047, 4.3837215",47.0525047,4.3837215,Chassagne-Montrachet,"46.9379920, 4.7295610",46.937992,4.729561,Joseph Drouhin 2007 Marquis de Laguiche Morgeot Premier Cru  (Chassagne-Montrachet),https://www.winemag.com/buying-guide/joseph-drouhin-2007-marquis-laguiche-morgeot-premier-cru-chardonnay-chassagne-montrachet/,Chardonnay,2007,Joseph Drouhin
winemag 801 to 1600,10404,212447,13,White,France,"Intense and ripe, this powerful wine is concentrated and packed with both fruit and texture. The wood aging has been well judged to give some spice and ginger flavors that will become more integrated over the next few months. Then the wine will develop slowly and majestically, probably being ready to drink from 2023.",,100,95,1.05,Burgundy,"47.0525047, 4.3837215",47.0525047,4.3837215,Corton,"47.0717829, 4.8663697",47.0717829,4.8663697,Domaine Maillard 2014  Corton,https://www.winemag.com/buying-guide/domaine-maillard-2014-corton-279078/,Chardonnay,2014,Domaine Maillard
winemag 3201 to 4000,14789,107669,13,White,France,"This is the coolest and freshest of the Grand Cru vineyards. The wine is tight, steely with a nervy core of acidity that gives it a textured, structured character. It is full of energy, crisp, packed with apples and citrus and needing several years aging. Drink from 2020.",Valmur Grand Cru,105,95,1.11,Burgundy,"47.0525047, 4.3837215",47.0525047,4.3837215,Chablis,"47.8152690, 3.8004510",47.815269,3.800451,William Févre 2013 Valmur Grand Cru  (Chablis),https://www.winemag.com/buying-guide/william-fevre-2013-valmur-grand-cru-chardonnay-chablis/,Chardonnay,2013,William Févre
winemag 3201 to 4000,14804,107684,13,White,France,"This wine has a rich, fat, almost buttery character. Certainly the acidity is there, although it has a warm, summer feel. The structure typical of Les Clos is all there as well, giving concentration and density. At the end spice goes with the extreme freshness of the citrus aftertaste. Drink from 2020.",Les Clos Grand Cru,106,95,1.12,Burgundy,"47.0525047, 4.3837215",47.0525047,4.3837215,Chablis,"47.8152690, 3.8004510",47.815269,3.800451,Domaine Christian Moreau Pére et Fils 2013 Les Clos Grand Cru  (Chablis),https://www.winemag.com/buying-guide/domaine-christian-moreau-pere-fils-2013-clos-grand-cru-chardonnay-chablis/,Chardonnay,2013,Domaine Christian Moreau Pére et Fils
winemag 1601 to 2400,11888,73838,13,White,France,"Beautifully rich, this wine is ripe and full of concentrated fruit. It's generous and full bodied, while retaining tight acidity and minerality. Juicy white fruit flavor shows strongly, allied to the still-very-young acidity and texture, suggesting long life ahead. Drink from 2022.",Vaudésir Grand Cru,109,95,1.15,Burgundy,"47.0525047, 4.3837215",47.0525047,4.3837215,Chablis,"47.8152690, 3.8004510",47.815269,3.800451,Domaine Billaud-Simon 2014 Vaudésir Grand Cru  (Chablis),https://www.winemag.com/buying-guide/domaine-billaud-simon-2014-vaudesir-grand-cru-chablis/,Chardonnay,2014,Domaine Billaud-Simon
winemag 1601 to 2400,11891,73841,13.5,White,France,"With its potent mixture of intense fruit and equally concentrated structure, this wine is an obvious candidate for long-term aging. Showing ripe yellow fruit, almond hints and a strong mineral texture, it will develop slowly and be best from 2022. This vineyard, one of the most familiar of Puligny-Montrachet's premier crus, is also one of the highest on the slope.",Les Folatiéres Premier Cru,109,95,1.15,Burgundy,"47.0525047, 4.3837215",47.0525047,4.3837215,Puligny-Montrachet,"46.9450920, 4.7532960",46.945092,4.753296,Louis Jadot 2014 Les Folatiéres Premier Cru  (Puligny-Montrachet),https://www.winemag.com/buying-guide/louis-jadot-2014-les-folatieres-premier-cru-puligny-montrachet/,Chardonnay,2014,Louis Jadot
winemag 7201 to 8000,11531,182302,13,White,France,"This Grand Cru within a Grand Cru is a magnificent, opulent wine. It has all the power of a great white Burgundy, the richness allied to minerality and then given weight by toast, yellow fruits and a pure, straight line of acidity.",Clos des Hospices Dans Les Clos Grand Cru,110,95,1.16,Burgundy,"47.0525047, 4.3837215",47.0525047,4.3837215,Chablis,"47.8152690, 3.8004510",47.815269,3.800451,Domaine Christian Moreau Pére et Fils 2008 Clos des Hospices Dans Les Clos Grand Cru  (Chablis),https://www.winemag.com/buying-guide/domaine-christian-moreau-pere-fils-2008-clos-hospices-dans-clos-grand-cru-chardonnay-chablis/,Chardonnay,2008,Domaine Christian Moreau Pére et Fils
winemag 8001 to 8800,9330,195735,13,White,France,"From a parcel that used to belong to the Hospices in Chablis until purchased by the Moreau family. It is a beautifully fashioned wine, its steely character rounded out with delicious ripe fruits, green apples, pear skin and kiwi fruit. Impressive and for aging.",Clos des Hospices Dans Les Clos Grand Cru,110,95,1.16,Burgundy,"47.0525047, 4.3837215",47.0525047,4.3837215,Chablis,"47.8152690, 3.8004510",47.815269,3.800451,Domaine Christian Moreau Pére et Fils 2007 Clos des Hospices Dans Les Clos Grand Cru  (Chablis),https://www.winemag.com/buying-guide/domaine-christian-moreau-pere-fils-2007-clos-hospices-dans-clos-grand-cru-chardonnay-chablis/,Chardonnay,2007,Domaine Christian Moreau Pére et Fils
winemag 2401 to 3200,9434,86854,13.5,White,France,"Up the slope above the Grand Cru of Le Montrachet, this vineyard once grew hemp (hence the name, cheneve). This poised wine is both stylish and rich, with good acidity allied to ripe apple and citrus fruits, cut through the mineral texture and promise a generous wine as it ages. Drink from 2020.",Les Chenevottes Premier Cru,110,95,1.16,Burgundy,"47.0525047, 4.3837215",47.0525047,4.3837215,Chassagne-Montrachet,"46.9379920, 4.7295610",46.937992,4.729561,Philippe Colin 2014 Les Chenevottes Premier Cru  (Chassagne-Montrachet),https://www.winemag.com/buying-guide/philippe-colin-2014-les-chenevottes-premier-cru-chassagne-montrachet/,Chardonnay,2014,Philippe Colin
winemag 1601 to 2400,11887,73837,13,White,France,"Widely regarded as the most majestic of the Chablis Grand Crus, Les Clos has produced a properly impressive and richly dense wine. It has the crispness of the vintage, tight minerality and ripe fruit flavors that contrast apricot and citrus. This is a serious, structured wine ready for aging. Drink from 2022.",Les Clos Grand Cru,111,95,1.17,Burgundy,"47.0525047, 4.3837215",47.0525047,4.3837215,Chablis,"47.8152690, 3.8004510",47.815269,3.800451,Domaine Christian Moreau Pére et Fils 2014 Les Clos Grand Cru  (Chablis),https://www.winemag.com/buying-guide/domaine-christian-moreau-pere-et-fils-2014-les-clos-grand-cru-chablis/,Chardonnay,2014,Domaine Christian Moreau Pére et Fils
winemag 2401 to 3200,3878,81298,13,White,France,"Named after the ruined abbey which the vineyard surrounds, this is a smooth, generous and beautifully opulent wine. The vines, owned by the Leflaive family, give a bold, spicy wine, rich in white stone fruits, intense acidity and a firm mineral texture. There is just enough toasty flavor to give the wine extra complexity. Drink this impressive wine from 2021.",Abbaye de Morgeot Premier Cru,113,95,1.19,Burgundy,"47.0525047, 4.3837215",47.0525047,4.3837215,Chassagne-Montrachet,"46.9379920, 4.7295610",46.937992,4.729561,Olivier Leflaive 2014 Abbaye de Morgeot Premier Cru  (Chassagne-Montrachet),https://www.winemag.com/buying-guide/olivier-leflaive-2014-abbaye-de-morgeot-premier-cru-chassagne-montrachet/,Chardonnay,2014,Olivier Leflaive
winemag 10401 to 11200,2421,17683,,White,France,"An intense, powerful wine, which speaks of the importance of the Corton Charlemagne vineyard and also justifies it. It is smooth and creamy, concentrated white fruits to go with an solid structure that promises great aging.",,113,95,1.19,Burgundy,"47.0525047, 4.3837215",47.0525047,4.3837215,Corton-Charlemagne,"47.0772222, 4.8497222",47.0772222,4.8497222,Louis Jadot 2004  Corton-Charlemagne,https://www.winemag.com/buying-guide/louis-jadot-2004-chardonnay-corton-charlemagne/,Chardonnay,2004,Louis Jadot
winemag 10401 to 11200,4627,19889,,White,France,"It's not so much the fruit but the richness and concentration that mark this wine. Yet it's not superripe because of the hot 2003 vintage. This wine, with its origins in biodynamically grown grapes, preserves a great purity of fruit as it layers intense almond and citrus flavors over vanilla and yellow fruit tastes. It should age well.",Clavoillon Premier Cru,113,95,1.19,Burgundy,"47.0525047, 4.3837215",47.0525047,4.3837215,Puligny-Montrachet,"46.9450920, 4.7532960",46.945092,4.753296,Domaine Leflaive 2003 Clavoillon Premier Cru  (Puligny-Montrachet),https://www.winemag.com/buying-guide/domaine-leflaive-2003-clavoillon-premier-cru-chardonnay-puligny-montrachet/,Chardonnay,2003,Domaine Leflaive
winemag 5601 to 6400,11837,151308,13.5,White,France,"The vineyards of the Marquis de Laguiche date back to before the French Revolution, and Drouhin is fully responsible for producing the wines since the 1940s. This ripe, opulent selection lives up to its illustrious pedigree. It is full bodied, and it offers vibrant acidity and minerality. It's a wine for aging over eight years and many more.",Marquis de Laguiche Morgeot Premier Cru,114,95,1.2,Burgundy,"47.0525047, 4.3837215",47.0525047,4.3837215,Chassagne-Montrachet,"46.9379920, 4.7295610",46.937992,4.729561,Joseph Drouhin 2010 Marquis de Laguiche Morgeot Premier CruÂ   (Chassagne-Montrachet),https://www.winemag.com/buying-guide/joseph-drouhin-2010-marquis-laguiche-morgeot-premier-cru-chardonnay-chassagne-montrachet/,Chardonnay,2010,Joseph Drouhin
winemag 6401 to 7200,12452,167589,13,White,France,"A superbly rich wine, with its acidity well integrated into the concentrated and rounded fruit. It has great texture and fruit that bursts from the glass. It is generous, warm and toasty, while also preserving the steeliness that is hallmark of the Les Clos vineyard. Age for at least five years.",Clos des Hospices Les Clos Grand Cru,115,95,1.21,Burgundy,"47.0525047, 4.3837215",47.0525047,4.3837215,Chablis,"47.8152690, 3.8004510",47.815269,3.800451,Domaine Christian Moreau Pére et Fils 2009 Clos des Hospices Les Clos Grand Cru  (Chablis),https://www.winemag.com/buying-guide/domaine-christian-moreau-pere-fils-2009-clos-des-hospices-clos-grand-cru-chardonnay-chablis/,Chardonnay,2009,Domaine Christian Moreau Pére et Fils
winemag 801 to 1600,2447,204490,13,White,France,"Even in a warm vintage like 2015, this vineyard produces the most structured of the Grand Cru wines, as this still tight, tense and mineral wine illustrates. With its steely edge and firm structure, it is still to show its rich fruit. Expect the wine to take its time and don't drink before 2022.",Les Clos Grand Cru,115,95,1.21,Burgundy,"47.0525047, 4.3837215",47.0525047,4.3837215,Chablis,"47.8152690, 3.8004510",47.815269,3.800451,Domaine Christian Moreau Pére et Fils 2015 Les Clos Grand Cru  (Chablis),https://www.winemag.com/buying-guide/domaine-christian-moreau-pere-et-fils-2015-les-clos-grand-cru-chablis/,Chardonnay,2015,Domaine Christian Moreau Pére et Fils
winemag 8001 to 8800,4252,190657,,White,France,"Louis Latour has one of the largest landholdings in this famed vineyard and makes a classic, powerful Corton Charlemagne. The acidity of 2008 gives this wine even greater complexity and a purity of line to go with the power and density. Certainly for aging.",,115,95,1.21,Burgundy,"47.0525047, 4.3837215",47.0525047,4.3837215,Corton-Charlemagne,"47.0772222, 4.8497222",47.0772222,4.8497222,Louis Latour 2008  Corton-Charlemagne,https://www.winemag.com/buying-guide/louis-latour-2008-chardonnay-corton-charlemagne/,Chardonnay,2008,Louis Latour
winemag 3201 to 4000,14740,107620,13.5,White,France,"This offers toast and spice aromas, with opulent apricots and white peaches along with intense freshness from the acidity and linear structure. The wood aging just shows through in the roundness of the wine, while leaving room for a fresh, crisp, mineral aftertaste. Drink from 2018.",Clos de la Garenne Premier Cru,116,95,1.22,Burgundy,"47.0525047, 4.3837215",47.0525047,4.3837215,Puligny-Montrachet,"46.9450920, 4.7532960",46.945092,4.753296,Joseph Drouhin 2013 Clos de la Garenne Premier Cru  (Puligny-Montrachet),https://www.winemag.com/buying-guide/joseph-drouhin-2013-clos-garenne-premier-cru-chardonnay-puligny-montrachet/,Chardonnay,2013,Joseph Drouhin
winemag 3201 to 4000,14782,107662,13.5,White,France,"There was less than half the normal production of this flagship white in 2013. However, the wine conveys the rich character that is associated with this powerful Cuvée. It has density, ripe structure and a background of toast and honey. The wine needs to age for several years, drink from 2020.",,120,95,1.26,Burgundy,"47.0525047, 4.3837215",47.0525047,4.3837215,Corton-Charlemagne,"47.0772222, 4.8497222",47.0772222,4.8497222,Louis Latour 2013  Corton-Charlemagne,https://www.winemag.com/buying-guide/louis-latour-2013-chardonnay-corton-charlemagne/,Chardonnay,2013,Louis Latour
winemag 4001 to 4800,15169,123582,13,White,France,"Bought by Christian Moreau's great-great-grandfather at the Hospices de Chablis in 1904, this parcel lies within the Grand Cru of Les Clos. It's a superrich Chablis of great density and concentration. Spice, apricots and intense citrus provide the hallmarks of a wine for long aging. Drink from 2019.",Clos les Hospices Les Clos Grand Cru,121,95,1.27,Burgundy,"47.0525047, 4.3837215",47.0525047,4.3837215,Chablis,"47.8152690, 3.8004510",47.815269,3.800451,Domaine Christian Moreau Pére et Fils 2012 Clos les Hospices Les Clos Grand Cru  (Chablis),https://www.winemag.com/buying-guide/domaine-christian-moreau-pere-fils-2012-clos-hospices-clos-grand-cru-chardonnay-chablis/,Chardonnay,2012,Domaine Christian Moreau Pére et Fils
winemag 6401 to 7200,3251,158388,,White,France,"Powerful and concentrated, this has an intense expression of ripe tropical fruits. The wood shows strongly at this stage, although with this amount of richness, it has the weight and the power to develop well over many years.",,123,95,1.29,Burgundy,"47.0525047, 4.3837215",47.0525047,4.3837215,Corton-Charlemagne,"47.0772222, 4.8497222",47.0772222,4.8497222,Domaine Vincent Girardin 2010  Corton-Charlemagne,https://www.winemag.com/buying-guide/domaine-vincent-girardin-2010-chardonnay-corton-charlemagne/,Chardonnay,2010,Domaine Vincent Girardin
winemag 801 to 1600,2464,204507,13,White,France,"This is a rich wine, even from the normally austere Les Clos vineyard. Minerality is here, but it is surrounded by sumptuous ripe white fruits that have intense youthful acidity. It is a great wine that needs to age further, so drink from 2021.",Les Clos Grand Cru,125,95,1.32,Burgundy,"47.0525047, 4.3837215",47.0525047,4.3837215,Chablis,"47.8152690, 3.8004510",47.815269,3.800451,Domaine Christian Moreau Pére et Fils 2016 Les Clos Grand Cru  (Chablis),https://www.winemag.com/buying-guide/domaine-christian-moreau-pere-et-fils-2016-les-clos-grand-cru-chablis/,Chardonnay,2016,Domaine Christian Moreau Pére et Fils
winemag 3201 to 4000,14803,107683,13.5,White,France,"Perfumed and floral, this is a wine with weight and richness. There is a lot of structure here, concentrated rich yellow and white fruits giving a textured and mineral wine. It comes from a property vinified by Drouhin for 70 years. The wine is for aging; drink from 2019.",Marquis de Laguiche Morgeot Premier Cru,132,95,1.39,Burgundy,"47.0525047, 4.3837215",47.0525047,4.3837215,Chassagne-Montrachet,"46.9379920, 4.7295610",46.937992,4.729561,Joseph Drouhin 2013 Marquis de Laguiche Morgeot Premier Cru  (Chassagne-Montrachet),https://www.winemag.com/buying-guide/joseph-drouhin-2013-marquis-laguiche-morgeot-premier-cru-chardonnay-chassagne-montrachet/,Chardonnay,2013,Joseph Drouhin
winemag 4801 to 5600,4174,128067,13.5,White,France,"From the cool east face of the vineyard, this is crisp and tight, less opulent than some Corton-Charlemagne. It makes up in its rich structure, weight and tropical fruit flavors that are sliced by acidity. There is some kerosene along with these exotic fruits, and the wine does need to age. Drink from 2018.",,140,95,1.47,Burgundy,"47.0525047, 4.3837215",47.0525047,4.3837215,Corton-Charlemagne,"47.0772222, 4.8497222",47.0772222,4.8497222,Bouchard Pére & Fils 2011  Corton-Charlemagne,https://www.winemag.com/buying-guide/bouchard-pere-fils-2011-chardonnay-corton-charlemagne/,Chardonnay,2011,Bouchard Pére & Fils
winemag 11201 to 12000,635,31584,,White,France,"A hugely powerful wine that exudes dense, packed tropical fruit flavors. Yet, it is surprisingly delicate, its power tempered by a cocktail of green fruits, nuts, spice and toasty new wood. Almost in balance already, it should still age well over many years. Imported by Kobrand.",Corton Charlemagne,145,95,1.53,Burgundy,"47.0525047, 4.3837215",47.0525047,4.3837215,Corton-Charlemagne,"47.0772222, 4.8497222",47.0772222,4.8497222,Louis Jadot 2003 Corton Charlemagne  (Corton-Charlemagne),https://www.winemag.com/buying-guide/louis-jadot-2003-corton-charlemagne-chardonnay-corton-charlemagne/,Chardonnay,2003,Louis Jadot
winemag 7201 to 8000,444,171215,12.5,White,France,"Very mineral in character, this young wine is all green fruit. The citrus and grapefruit are intense, and full of ripe acidity. Hints of wood come from behind the fruit to give a wine that is structured and finely textured. Age for 4-5 years. Screwcap.",Réserve de l'Obédience Les Blanchots Grand Cru,150,95,1.58,Burgundy,"47.0525047, 4.3837215",47.0525047,4.3837215,Chablis,"47.8152690, 3.8004510",47.815269,3.800451,Domaine Laroche 2009 Réserve de l'Obédience Les Blanchots Grand Cru  (Chablis),https://www.winemag.com/buying-guide/domaine-laroche-2009-reserve-lobedience-les-blanchots-grand-cru-chardonnay-chablis/,Chardonnay,2009,Domaine Laroche
winemag 1 to 800,10501,10501,13.5,White,France,"This wine comes from an anomaly, even by Burgundian standards. This Picard family Prima Vinae vineyard is partly Grand Cru and partly Premier Cru. The wine has the weight of a Grand Cru with intense, opulent white fruit and great citrus acidity. A young wine, it has enormous aging potential. Drink from 2023.",Les Demoiselles Premier Cru,150,95,1.58,Burgundy,"47.0525047, 4.3837215",47.0525047,4.3837215,Puligny-Montrachet,"46.9450920, 4.7532960",46.945092,4.753296,Domaine Au Pied du Mont Chauve 2015 Les Demoiselles Premier Cru  (Puligny-Montrachet),https://www.winemag.com/buying-guide/domaine-au-pied-du-mont-chauve-2015-les-demoiselles-premier-cru-puligny-montrachet/,Chardonnay,2015,Domaine Au Pied du Mont Chauve
winemag 1601 to 2400,527,62477,13,White,France,"Regarded almost as a Grand Cru in its own right, the Moutonne vineyard, wholly owned by Albert Bichot, is in a corner of the Vaudésir Grand Cru vineyard. In this sumptuous year, the wine is more generous, ripe yellow fruits than mineral texture. The acidity and the tangy aftertaste are a reminder that this is from cool-climate Chablis. Drink from 2023.",Domaine Long-Depaquit Moutonne,154,95,1.62,Burgundy,"47.0525047, 4.3837215",47.0525047,4.3837215,Chablis,"47.8152690, 3.8004510",47.815269,3.800451,Albert Bichot 2015 Domaine Long-Depaquit Moutonne  (Chablis),https://www.winemag.com/buying-guide/albert-bichot-2015-domaine-long-depaquit-moutonne-chablis/,Chardonnay,2015,Albert Bichot
winemag 5601 to 6400,6871,146342,13,White,France,"A taut, nervy, mineral-driven wine, this has intense citrus and grapefruit flavors, lemon grass spice and just the merest hint of wood. It's the structure that gives this impressive wine such power, and a steely edge that will need at least 6-10 years.",Clavoillon Premier Cru,158,95,1.66,Burgundy,"47.0525047, 4.3837215",47.0525047,4.3837215,Puligny-Montrachet,"46.9450920, 4.7532960",46.945092,4.753296,Domaine Leflaive 2010 Clavoillon Premier Cru  (Puligny-Montrachet),https://www.winemag.com/buying-guide/domaine-leflaive-2010-clavoillon-premier-cru-chardonnay-puligny-montrachet/,Chardonnay,2010,Domaine Leflaive
winemag 5601 to 6400,6883,146354,13,White,France,"A dry, mineral wine, hiding its potential richness. Flavors of ripe pears and yellow fruits are matched by lime acidity. The wine has considerable power and a dense character, showing the immense density that comes from this vineyard. Age for 4-6 years and more.",,160,95,1.68,Burgundy,"47.0525047, 4.3837215",47.0525047,4.3837215,Corton-Charlemagne,"47.0772222, 4.8497222",47.0772222,4.8497222,Domaine des Croix 2011  Corton-Charlemagne,https://www.winemag.com/buying-guide/domaine-des-croix-2011-chardonnay-corton-charlemagne/,Chardonnay,2011,Domaine des Croix
winemag 1601 to 2400,526,62476,13.5,White,France,"A flagship wine for this producer, this is rich and seductive, opulent even. Bold yellow fruits, ripe apples and pears are surrounded by a youthful texture that will allow it to age. The fruit and the touches of wood are still present, but will integrate beautfully. Drink this wine from 2023.",,165,95,1.74,Burgundy,"47.0525047, 4.3837215",47.0525047,4.3837215,Corton-Charlemagne,"47.0772222, 4.8497222",47.0772222,4.8497222,Louis Latour 2015  Corton-Charlemagne,https://www.winemag.com/buying-guide/louis-latour-2015-corton-charlemagne/,Chardonnay,2015,Louis Latour
winemag 3201 to 4000,8172,101052,13,White,France,"Named after the Laroche winery, L'Obédiencerie, this wine is a selection from the Blanchots Grand Cru vineyard. It is rich, but endowed with a taut minerality that cuts through the ripe green plum and crisp pear flavors. It demands aging. Drink from 2020.",La Réserve de l'Obédience Les Blanchots Grand Cru,170,95,1.79,Burgundy,"47.0525047, 4.3837215",47.0525047,4.3837215,Chablis,"47.8152690, 3.8004510",47.815269,3.800451,Domaine Laroche 2013 La Réserve de l'Obédience Les Blanchots Grand Cru  (Chablis),https://www.winemag.com/buying-guide/domaine-laroche-2013-la-reserve-de-lobedience-les-blanchots-grand-cru-chablis/,Chardonnay,2013,Domaine Laroche
winemag 5601 to 6400,11855,151326,13.5,White,France,"Corton-Charlemagne expresses the power of Chardonnay, rather than the subtlety. Given that, Olivier Leflaive's version is finely nuanced, and its weight comes as much from the rich white- and yellow-fruit flavors as the tight structure. Like most grand crus, this needs to age, so give it 5-6 years.",Corton-Charlemagne Grand Cru,170,95,1.79,Burgundy,"47.0525047, 4.3837215",47.0525047,4.3837215,Corton-Charlemagne,"47.0772222, 4.8497222",47.0772222,4.8497222,Olivier Leflaive 2010 Corton-Charlemagne Grand Cru  (Corton-Charlemagne),https://www.winemag.com/buying-guide/olivier-leflaive-2010-corton-charlemagne-grand-cru-chardonnay-corton-charlemagne/,Chardonnay,2010,Olivier Leflaive
winemag 8001 to 8800,9337,195742,13.5,White,France,"Big and weighty, the wood very dominant, a wine with considerable potential. It feels important, seriously structured, edging on austere, but promising a much broader character after several years.",,170,95,1.79,Burgundy,"47.0525047, 4.3837215",47.0525047,4.3837215,Corton-Charlemagne,"47.0772222, 4.8497222",47.0772222,4.8497222,Bouchard Pére & Fils 2007  Corton-Charlemagne,https://www.winemag.com/buying-guide/bouchard-pere-fils-2007-chardonnay-corton-charlemagne/,Chardonnay,2007,Bouchard Pére & Fils
winemag 7201 to 8000,529,171300,13.5,White,France,"As always, Corton-Charlemagne offers an opulent Chardonnay. In this vintage, the wine has intense tropical fruits, very ripe although never losing sight of its acidity. There is terrific concentration here, giving a wine that is very rich.",Corton-Charlemagne,182,95,1.92,Burgundy,"47.0525047, 4.3837215",47.0525047,4.3837215,Corton-Charlemagne,"47.0772222, 4.8497222",47.0772222,4.8497222,Olivier Leflaive 2009 Corton-Charlemagne  (Corton-Charlemagne),https://www.winemag.com/buying-guide/olivier-leflaive-2009-corton-charlemagne-chardonnay-corton-charlemagne/,Chardonnay,2009,Olivier Leflaive
winemag 2401 to 3200,12940,90360,13.5,White,France,"This wine has power along with great fruit and a rich structure. Yellow fruits are laced with a more finessed texture that adds minerality. It is a dense wine, full of fruit, with a measured touch of wood. Age this until 2021.",,185,95,1.95,Burgundy,"47.0525047, 4.3837215",47.0525047,4.3837215,Corton-Charlemagne,"47.0772222, 4.8497222",47.0772222,4.8497222,Albert Bichot 2014  Corton-Charlemagne,https://www.winemag.com/buying-guide/albert-bichot-2014-corton-charlemagne/,Chardonnay,2014,Albert Bichot
winemag 4801 to 5600,4171,128064,13,White,France,"From vines owned by the Chanson family, this is a wonderfully rich wine, deliciously fruity at the same time. Apple and citrus as well as richer apricots come through powerfully. It's structured with a sense of opulence, richness that also has a tight texture. It needs to age; drink from 2019.",Héritiers Paul Chanson,187,95,1.97,Burgundy,"47.0525047, 4.3837215",47.0525047,4.3837215,Corton Vergennes,"47.0717829, 4.8663697",47.0717829,4.8663697,Domaine Chanson 2011 Héritiers Paul Chanson  (Corton Vergennes),https://www.winemag.com/buying-guide/domaine-chanson-2011-heritiers-paul-chardonnay-corton-vergennes/,Chardonnay,2011,Domaine Chanson
winemag 2401 to 3200,12948,90368,13.5,White,France,"Initially showing considerable wood flavors, this wine hints at its rich fruit through its weight and concentration. Spice, toast and beautifully ripe yellow fruits are slowly coming together and will harmonize with time to showcase a rich, opulent and impressive selection. Drink from 2022.",,200,95,2.11,Burgundy,"47.0525047, 4.3837215",47.0525047,4.3837215,Corton Vergennes,"47.0717829, 4.8663697",47.0717829,4.8663697,Chanson Pére et Fils 2013  Corton Vergennes,https://www.winemag.com/buying-guide/chanson-pere-et-fils-2013-corton-vergennes/,Chardonnay,2013,Chanson Pére et Fils
winemag 2401 to 3200,3724,81144,13,White,France,"Properly rich and majestic, this wine also has impressive amounts of crisp acidity to balance its concentration. The wine has layers of peach and apricot along with beautiful acidity and a taut texture that will allow it to age. It is generous and will become opulent and full bodied as it develops. Drink this powerful wine from 2022.",,214,95,2.25,Burgundy,"47.0525047, 4.3837215",47.0525047,4.3837215,Corton-Charlemagne,"47.0772222, 4.8497222",47.0772222,4.8497222,Olivier Leflaive 2014  Corton-Charlemagne,https://www.winemag.com/buying-guide/olivier-leflaive-2014-corton-charlemagne/,Chardonnay,2014,Olivier Leflaive
winemag 6401 to 7200,11222,166359,13,White,France,"A wine that brings out intense minerality, a tight citric tang and a beautiful structure. With its lime and grapefruit acidity laid over ripe yellow fruits shot through with toast, this is a wine that should age many years, mellowing into an open, generous richness.",Les Folatiéres Premier Cru,215,95,2.26,Burgundy,"47.0525047, 4.3837215",47.0525047,4.3837215,Puligny-Montrachet,"46.9450920, 4.7532960",46.945092,4.753296,Domaine Leflaive 2009 Les Folatiéres Premier Cru  (Puligny-Montrachet),https://www.winemag.com/buying-guide/domaine-leflaive-2009-folatieres-premier-cru-chardonnay-puligny-montrachet/,Chardonnay,2009,Domaine Leflaive
winemag 10401 to 11200,4626,19888,,White,France,"A wine of promise, but still in its infancy. This grand cru, structured and still waiting to open to its full opulence, is packed with concentrated flavors. It's a powerhouse that needs at least five years to even begin to show its structure, ripe fruit and richness.",,228,95,2.4,Burgundy,"47.0525047, 4.3837215",47.0525047,4.3837215,Bâtard-Montrachet,"46.9450920, 4.7532960",46.945092,4.753296,Etienne Sauzet 2004  Bâtard-Montrachet,https://www.winemag.com/buying-guide/etienne-sauzet-2004-chardonnay-batard-montrachet/,Chardonnay,2004,Etienne Sauzet
winemag 5601 to 6400,6882,146353,13.5,White,France,"With its structured, mineral character, this is a serious, ageworthy wine. It has a sense of coiled power and steel and a dense, complex texture that brings out both its ripe, pure fruit character and its intensity. Age this wine for at least 5-8 years.",Les Combettes Premier Cru,238,95,2.51,Burgundy,"47.0525047, 4.3837215",47.0525047,4.3837215,Puligny-Montrachet,"46.9450920, 4.7532960",46.945092,4.753296,Domaine Leflaive 2010 Les Combettes Premier Cru  (Puligny-Montrachet),https://www.winemag.com/buying-guide/domaine-leflaive-2010-combettes-premier-cru-chardonnay-puligny-montrachet/,Chardonnay,2010,Domaine Leflaive
winemag 10401 to 11200,4630,19892,,White,France,"This is the one grand cru that is entirely in Chassagne-Montrachet. It's a tiny patch of land (4.13 acres) making wines that are more delicate than the others. With its fine, fresh flavors so light to the taste, this is a wine that floats on the palate with a smooth, silky texture. Wood and white peaches contribute but do not dominate.",,250,95,2.63,Burgundy,"47.0525047, 4.3837215",47.0525047,4.3837215,Criots-Bâtard-Montrachet,"47.0260300, 4.8400040",47.02603,4.840004,Louis Latour 2004  Criots-Bâtard-Montrachet,https://www.winemag.com/buying-guide/louis-latour-2004-chardonnay-criots-batard-montrachet/,Chardonnay,2004,Louis Latour
winemag 10401 to 11200,4215,19477,,White,France,"Mineral and structured, this is a wine that is very linear and almost austere. There is elegance, fruit and wood along with a hint of ripe plums and peaches. But always that minerality, that steely character, which promise long aging.",,253,95,2.66,Burgundy,"47.0525047, 4.3837215",47.0525047,4.3837215,Chevalier-Montrachet,"46.9450920, 4.7532960",46.945092,4.753296,Etienne Sauzet 2004  Chevalier-Montrachet,https://www.winemag.com/buying-guide/etienne-sauzet-2004-chardonnay-chevalier-montrachet/,Chardonnay,2004,Etienne Sauzet
winemag 6401 to 7200,3355,158492,,White,France,"There is such elegance on this concentrated wine, combining richness with intense structure. A blend of yellow fruit, crisp apple and lemon zest flavors surface on this opulent, balanced and structured effort. This is meant for long-term aging.",,256,95,2.69,Burgundy,"47.0525047, 4.3837215",47.0525047,4.3837215,Bienvenues Bâtard-Montrachet,"46.9450920, 4.7532960",46.945092,4.753296,Domaine Vincent Girardin 2010  Bienvenues Bâtard-Montrachet,https://www.winemag.com/buying-guide/domaine-vincent-girardin-2010-chardonnay-bienvenues-batard-montrachet/,Chardonnay,2010,Domaine Vincent Girardin
winemag 7201 to 8000,11528,182299,13.5,White,France,"A fine, elegant wine, with balanced toast and acidity, great ripe apricot flavors along with spice from the toast, acidity, citrus and a hint of ginger. Still very young, this pure fruited wine could age over 6-10 years.",Les Pucelles Premier Cru,260,95,2.74,Burgundy,"47.0525047, 4.3837215",47.0525047,4.3837215,Puligny-Montrachet,"46.9450920, 4.7532960",46.945092,4.753296,Domaine Leflaive 2008 Les Pucelles Premier Cru  (Puligny-Montrachet),https://www.winemag.com/buying-guide/domaine-leflaive-2008-pucelles-premier-cru-chardonnay-puligny-montrachet/,Chardonnay,2008,Domaine Leflaive
winemag 8001 to 8800,4245,190650,,White,France,"A flinty, mineral-charactered wine, with smoke and toast flavors dominant at this stage. The power and richness are there in the background, while the white fruits fit behind the structure. It's obviously for the long haul, a powerful, tight wine.",Les Demoiselles,275,95,2.89,Burgundy,"47.0525047, 4.3837215",47.0525047,4.3837215,Chevalier-Montrachet,"46.9450920, 4.7532960",46.945092,4.753296,Louis Latour 2008 Les Demoiselles  (Chevalier-Montrachet),https://www.winemag.com/buying-guide/louis-latour-2008-demoiselles-chardonnay-chevalier-montrachet/,Chardonnay,2008,Louis Latour
winemag 5601 to 6400,6877,146348,13,White,France,"A rich wine, full and fruity up front, then opening up into a much more mineral, textured character. It is a great explosion of citrus, pear and green apple, the wood aging showing with subtlety. It's a wine for aging, complex and tight at the end.",Les Pucelles Premier Cru,303,95,3.19,Burgundy,"47.0525047, 4.3837215",47.0525047,4.3837215,Puligny-Montrachet,"46.9450920, 4.7532960",46.945092,4.753296,Domaine Leflaive 2010 Les Pucelles Premier Cru  (Puligny-Montrachet),https://www.winemag.com/buying-guide/domaine-leflaive-2010-pucelles-premier-cru-chardonnay-puligny-montrachet/,Chardonnay,2010,Domaine Leflaive
winemag 4801 to 5600,8525,132418,13.5,White,France,"It seems smooth and opulent initially, but then shows a structured side that brings out wood flavors, intense acidity and great depth. It's a powerful wine, very rich while keeping the freshness of the year and promising long-term aging. Drink from 2018.",,304,95,3.2,Burgundy,"47.0525047, 4.3837215",47.0525047,4.3837215,Bienvenues Bâtard-Montrachet,"46.9450920, 4.7532960",46.945092,4.753296,Domaine Vincent Girardin 2011  Bienvenues Bâtard-Montrachet,https://www.winemag.com/buying-guide/domaine-vincent-girardin-2011-chardonnay-bienvenues-batard-montrachet/,Chardonnay,2011,Domaine Vincent Girardin
winemag 3201 to 4000,14779,107659,,White,France,"This is a powerful, ripe wine, touched by its wood aging while having rich yellow fruits and a dense structure. Nervous tension comes from the acidity and the strongly mineral texture. It's a magnificent wine that needs aging, so drink from 2019.",,307,95,3.23,Burgundy,"47.0525047, 4.3837215",47.0525047,4.3837215,Corton-Charlemagne,"47.0772222, 4.8497222",47.0772222,4.8497222,Domaine Méo-Camuzet 2013  Corton-Charlemagne,https://www.winemag.com/buying-guide/domaine-meo-camuzet-2013-chardonnay-corton-charlemagne/,Chardonnay,2013,Domaine Méo-Camuzet
winemag 8801 to 9600,9176,226157,,White,France,"This is a bright star in Olivier Leflaive's firmament, a wondrous big, rich wine that is just so finely poised. The structure is dense, rich, fat and full-bodied, a hymn to ripe fruit. Flavors are fruit-driven at this stage, but this is a wine that will develop over many years, if you can resist the urge to indulge its luxuriant tastes now.",,310,95,3.26,Burgundy,"47.0525047, 4.3837215",47.0525047,4.3837215,Bâtard-Montrachet,"46.9450920, 4.7532960",46.945092,4.753296,Olivier Leflaive 2006  Bâtard-Montrachet,https://www.winemag.com/buying-guide/olivier-leflaive-2006-chardonnay-batard-montrachet/,Chardonnay,2006,Olivier Leflaive
winemag 10401 to 11200,4623,19885,13.5,White,France,"The richness of this wine envelops you from the start. It is all about opulence, but it's balanced with layers of ripe fruit and wood. At this stage in its long life, this wine from a fine white wine vintage is still dominated by fruit. The secondary flavors will start to show in 3-4 years time. A powerful wine that does not lose sight of a potential partnership with food.",,320,95,3.37,Burgundy,"47.0525047, 4.3837215",47.0525047,4.3837215,Chevalier-Montrachet,"46.9450920, 4.7532960",46.945092,4.753296,Bouchard Pére & Fils 2004  Chevalier-Montrachet,https://www.winemag.com/buying-guide/bouchard-pere-fils-2004-chardonnay-chevalier-montrachet/,Chardonnay,2004,Bouchard Pére & Fils
winemag 8001 to 8800,9338,195743,13.5,White,France,"Straddling richness and beautiful liveliness, this is going to be an impressive wine. It does need aging. At this stage, the wood is a big element, but then the bright white fruits-pears, white currants along with tangerines-will move center stage. Keep at least six years, almost certainly more.",,328,95,3.45,Burgundy,"47.0525047, 4.3837215",47.0525047,4.3837215,Chevalier-Montrachet,"46.9450920, 4.7532960",46.945092,4.753296,Bouchard Pére & Fils 2007  Chevalier-Montrachet,https://www.winemag.com/buying-guide/bouchard-pere-fils-2007-chardonnay-chevalier-montrachet/,Chardonnay,2007,Bouchard Pére & Fils
winemag 2401 to 3200,12933,90353,13.5,White,France,"Powerful and rich, this has a great spice component that shoots through the pure fruit flavors. It is already a delicious wine with its juicy acidity and fresh, zesty, mineral character. But at the same time, it has a great structure, beautifully ripe fruitiness and excellent potential. It will drink at its best from 2022.",,333,95,3.51,Burgundy,"47.0525047, 4.3837215",47.0525047,4.3837215,Corton-Charlemagne,"47.0772222, 4.8497222",47.0772222,4.8497222,Domaine Faiveley 2014  Corton-Charlemagne,https://www.winemag.com/buying-guide/domaine-faiveley-2014-corton-charlemagne/,Chardonnay,2014,Domaine Faiveley
winemag 5601 to 6400,11858,151329,13.5,White,France,"With his family based in Puligny-Montrachet, Olivier Leflaive knows a thing or two about the grand crus of his village. This Bâtard-Montrachet is intensely textured, concentrated and ripe, and it exudes equal amounts of acids. Powerful yet elegant, the toast note is a subtle expression in this rich wine. This for long-term aging.",Bâtard-Montrachet Grand Cru,375,95,3.95,Burgundy,"47.0525047, 4.3837215",47.0525047,4.3837215,Bâtard-Montrachet,"46.9450920, 4.7532960",46.945092,4.753296,Olivier Leflaive 2010 Bâtard-Montrachet Grand Cru  (Bâtard-Montrachet),https://www.winemag.com/buying-guide/olivier-leflaive-2010-batard-montrachet-grand-cru-chardonnay-batard-montrachet/,Chardonnay,2010,Olivier Leflaive
winemag 2401 to 3200,9430,86850,14,White,France,"This is an opulent wine from one of the fabled series of white Grand Crus. Along with generous yellow fruits and ripe citrus, it has weight and gravitas. Spice from the wood fills things out even more, giving the wine its balance, its intensity and its future. Drink from 2022.",,380,95,4,Burgundy,"47.0525047, 4.3837215",47.0525047,4.3837215,Criots-Bâtard-Montrachet,"47.0260300, 4.8400040",47.02603,4.840004,Louis Latour 2014  Criots-Bâtard-Montrachet,https://www.winemag.com/buying-guide/louis-latour-2014-criots-batard-montrachet/,Chardonnay,2014,Louis Latour
winemag 8001 to 8800,4248,190653,,White,France,"The potential here is enormous. This is a great wine, powerful and densely textured, at this stage packed with a steely character, but just waiting to unleash its beautifully defined fruit, to break out of the tight structure. Give it at least six years.",,385,95,4.05,Burgundy,"47.0525047, 4.3837215",47.0525047,4.3837215,Montrachet,"46.9450920, 4.7532960",46.945092,4.753296,Louis Latour 2008  Montrachet,https://www.winemag.com/buying-guide/louis-latour-2008-chardonnay-montrachet/,Chardonnay,2008,Louis Latour
winemag 6401 to 7200,3247,158384,,White,France,"This is a deeply rich, very impressive wine from a great white-wine vintage. It's concentrated with the essence of pure Chardonnay. It has tension along with a full texture. Age it for at least 10 years.",,398,95,4.19,Burgundy,"47.0525047, 4.3837215",47.0525047,4.3837215,Chevalier-Montrachet,"46.9450920, 4.7532960",46.945092,4.753296,Domaine Vincent Girardin 2010  Chevalier-Montrachet,https://www.winemag.com/buying-guide/domaine-vincent-girardin-2010-chardonnay-chevalier-montrachet/,Chardonnay,2010,Domaine Vincent Girardin
winemag 4801 to 5600,8528,132421,13.5,White,France,This wine glories in its rich texture and opulent feel. It strikes an almost perfect balance between ripe fruit and amazing freshness. Wood toast adds a delicate layer of flavor between the acidity and warm yellow fruits. The steely character and the tight final texture are both promises for the future. Drink from 2018.,,415,95,4.37,Burgundy,"47.0525047, 4.3837215",47.0525047,4.3837215,Bâtard-Montrachet,"46.9450920, 4.7532960",46.945092,4.753296,Domaine Vincent Girardin 2011  Bâtard-Montrachet,https://www.winemag.com/buying-guide/domaine-vincent-girardin-2011-chardonnay-batard-montrachet/,Chardonnay,2011,Domaine Vincent Girardin
winemag 2401 to 3200,9423,86843,13.5,White,France,"This wine is ripe and structured, dense with both acidity and minerality. It is rich with yellow and tropical fruits but always cut with lively acidity, making it opulent while fresh. Drink from 2022.",,430,95,4.53,Burgundy,"47.0525047, 4.3837215",47.0525047,4.3837215,Bâtard-Montrachet,"46.9450920, 4.7532960",46.945092,4.753296,Louis Latour 2014  Bâtard-Montrachet,https://www.winemag.com/buying-guide/louis-latour-2014-batard-montrachet/,Chardonnay,2014,Louis Latour
winemag 7201 to 8000,6588,177359,,White,France,"The grandest of all white Burgundy vineyards, Montrachet has produced a powerful, great wine, with impressive ripe, dense fruit. There is still elegance, a sense of proportion, but the opulence of the Chardonnay here is impossible to resist.",,440,95,4.63,Burgundy,"47.0525047, 4.3837215",47.0525047,4.3837215,Montrachet,"46.9450920, 4.7532960",46.945092,4.753296,Louis Latour 2009  Montrachet,https://www.winemag.com/buying-guide/louis-latour-2009-chardonnay-montrachet/,Chardonnay,2009,Louis Latour
winemag 5601 to 6400,11842,151313,13.5,White,France,"This wine is just starting out, which explains the toast factor that currently dominates the nose and palate. As it opens, the opulent, ripe fruit from this great vineyard shows through in the form of powerful, and intense pineapple and apricot flavors that mingle in the tight texture. It will age for many years-start with at least six.",Chevalier-Montrachet Grand Cru,500,95,5.26,Burgundy,"47.0525047, 4.3837215",47.0525047,4.3837215,Chevalier-Montrachet,"46.9450920, 4.7532960",46.945092,4.753296,Olivier Leflaive 2010 Chevalier-Montrachet Grand Cru  (Chevalier-Montrachet),https://www.winemag.com/buying-guide/olivier-leflaive-2010-chevalier-montrachet-grand-cru-chardonnay-chevalier-montrachet/,Chardonnay,2010,Olivier Leflaive
winemag 4001 to 4800,15175,123588,13.5,White,France,"The future is considerable for this wine that is so rich, so textured, so full of minerality and gorgeous fruit. All the potential is there, from the steely character and the ripe wood-aging flavors. Intense and dense, the wine will need to age for many years to be at its peak. Don't even touch before 2019.",,511,95,5.38,Burgundy,"47.0525047, 4.3837215",47.0525047,4.3837215,Bâtard-Montrachet,"46.9450920, 4.7532960",46.945092,4.753296,Olivier Leflaive 2012  Bâtard-Montrachet,https://www.winemag.com/buying-guide/olivier-leflaive-2012-chardonnay-batard-montrachet/,Chardonnay,2012,Olivier Leflaive
winemag 4801 to 5600,4129,128022,14,White,France,"This is the big one, one of the most treasured white wine vineyards in the world. And the wine is magnificent, balanced with restrained power and style. Yellow fruits are shot through with acidity that conveys a nervy texture and an intense, concentrated character. This needs many years; don't drink before 2020.",,520,95,5.47,Burgundy,"47.0525047, 4.3837215",47.0525047,4.3837215,Montrachet,"46.9450920, 4.7532960",46.945092,4.753296,Louis Latour 2011  Montrachet,https://www.winemag.com/buying-guide/louis-latour-2011-chardonnay-montrachet/,Chardonnay,2011,Louis Latour
winemag 801 to 1600,2476,204519,13,White,France,"This intense, concentrated wine is also beautifully elegant. It comes from parcels in all parts of the Grand Cru giving a rich wine that has great acidity as well as apricot and crisp apple flavors. The wine is intense, stylish, fruity and structured in a way that will allow it to age so well. Drink this major wine from 2024.",,529,95,5.57,Burgundy,"47.0525047, 4.3837215",47.0525047,4.3837215,Bâtard-Montrachet,"46.9450920, 4.7532960",46.945092,4.753296,Olivier Leflaive 2015  Bâtard-Montrachet,https://www.winemag.com/buying-guide/olivier-leflaive-2015-batard-montrachet/,Chardonnay,2015,Olivier Leflaive
winemag 2401 to 3200,3877,81297,13,White,France,"Produced from biodynamically grown grapes (as are all the Olivier Leflaive family grand and premier crus), this is a gorgeous, opulent wine. It has richness and great intensity as well as fine acidity and crisp apple fruits. Toast and vanilla come from the wood aging. The wine is so generous and packed with fruit as well as a strong mineral texture. Drink from 2022.",,569,95,5.99,Burgundy,"47.0525047, 4.3837215",47.0525047,4.3837215,Bâtard-Montrachet,"46.9450920, 4.7532960",46.945092,4.753296,Olivier Leflaive 2014  Bâtard-Montrachet,https://www.winemag.com/buying-guide/olivier-leflaive-2014-batard-montrachet/,Chardonnay,2014,Olivier Leflaive
winemag 10401 to 11200,4216,19478,,White,France,"This wine is deceptive. At first smell and taste, it doesn't show much-its spice and green-fruit aromas are not at all obvious. It's when you roll it around your mouth, that all the layers of flavor emerge. It is powerful, rounded, but with a fine line of minerality that holds the whole wine on a knife edge. The wood is beautifully judged, the fruit just beginning to develop secondary aromas. Hold for several years.",,600,95,6.32,Burgundy,"47.0525047, 4.3837215",47.0525047,4.3837215,Montrachet,"46.9450920, 4.7532960",46.945092,4.753296,Bouchard Pére & Fils 2004  Montrachet,https://www.winemag.com/buying-guide/bouchard-pere-fils-2004-chardonnay-montrachet/,Chardonnay,2004,Bouchard Pére & Fils
winemag 2401 to 3200,12943,90363,13,White,France,"This wine is opulent and rich without losing sight of the freshness of the vintage. Layers of new wood (100%) are blended with rich and perfumed fruits. At the same time, the acidity goes right through the wine, indicating an impressive future. It comes from a tiny patch of vines that gave two barrels. Drink from 2022.",,685,95,7.21,Burgundy,"47.0525047, 4.3837215",47.0525047,4.3837215,Chevalier-Montrachet,"46.9450920, 4.7532960",46.945092,4.753296,Domaine Jacques Prieur 2014  Chevalier-Montrachet,https://www.winemag.com/buying-guide/domaine-jacques-prieur-2014-chevalier-montrachet/,Chardonnay,2014,Domaine Jacques Prieur
winemag 2401 to 3200,3869,81289,13,White,France,"The wine comes from a small strip of a half acre in the center of this famed grand cru, part of the Olivier Leflaive family domaine. It is laden with toast flavors from the wood fermentation as well as intense fruit, green plums and crisp apples which are given extra richness by apricots. Concentrated and densely textured the wine will develop so well. Drink from 2022.",,710,95,7.47,Burgundy,"47.0525047, 4.3837215",47.0525047,4.3837215,Chevalier-Montrachet,"46.9450920, 4.7532960",46.945092,4.753296,Olivier Leflaive 2014  Chevalier-Montrachet,https://www.winemag.com/buying-guide/olivier-leflaive-2014-chevalier-montrachet/,Chardonnay,2014,Olivier Leflaive
winemag 3201 to 4000,14739,107619,13,White,France,"Extra rich, ripe and round , this offers a full fruitiness that explodes in the mouth. Tannins and structure are all there, although the main thrust of this wine is the balance between this tension and the generous fruits that are developing. Drink from 2019.",Valmur Grand Cru,62,96,0.65,Burgundy,"47.0525047, 4.3837215",47.0525047,4.3837215,Chablis,"47.8152690, 3.8004510",47.815269,3.800451,Domaine Jean-Paul et Benoît Droin 2013 Valmur Grand Cru  (Chablis),https://www.winemag.com/buying-guide/domaine-jean-paul-benoit-droin-2013-valmur-grand-cru-chardonnay-chablis/,Chardonnay,2013,Domaine Jean-Paul et Benoît Droin
winemag 3201 to 4000,14814,107694,13,White,France,"This wine has weight, richness and an intense texture and structure that brings tannins and a firm background to the generous yellow fruits, ripe apples and crisp green plums. The wine is still very young, needing several years. Drink from 2019.",Vaudésir Grand Cru,62,96,0.65,Burgundy,"47.0525047, 4.3837215",47.0525047,4.3837215,Chablis,"47.8152690, 3.8004510",47.815269,3.800451,Domaine Jean-Paul et Benoît Droin 2013 Vaudésir Grand Cru  (Chablis),https://www.winemag.com/buying-guide/domaine-jean-paul-benoit-droin-2013-vaudesir-grand-cru-chardonnay-chablis/,Chardonnay,2013,Domaine Jean-Paul et Benoît Droin
winemag 3201 to 4000,14810,107690,13,White,France,"This wine brings out the structure inherent in this vineyard. Tensely textured with young fruits that have a touch of bitterness, the wine offers kiwi and green plum flavors given a more exotic character with some mango. It's a deeply structured wine that needs to age. Drink from 2018.",Les Clos Grand Cru,73,96,0.76,Burgundy,"47.0525047, 4.3837215",47.0525047,4.3837215,Chablis,"47.8152690, 3.8004510",47.815269,3.800451,Domaine Pinson 2013 Les Clos Grand Cru  (Chablis),https://www.winemag.com/buying-guide/domaine-pinson-2013-clos-grand-cru-chardonnay-chablis/,Chardonnay,2013,Domaine Pinson
winemag 801 to 1600,2487,204530,13,White,France,"Sourced from a number of plots planted in 1933 by Guy Moreau, the grandfather of the present winemaker Fabien Moreau, this wine is rich and generous while still keeping an intense streak of acidity. Yellow fruits, touches of toast and the potential for considerable aging mark out this wine. Drink from 2021.",Vaillon Premier Cru Cuvée Guy Moreau,74,96,0.77,Burgundy,"47.0525047, 4.3837215",47.0525047,4.3837215,Chablis,"47.8152690, 3.8004510",47.815269,3.800451,Domaine Christian Moreau Pére et Fils 2016 Vaillon Premier Cru Cuvée Guy Moreau  (Chablis),https://www.winemag.com/buying-guide/domaine-christian-moreau-pere-et-fils-2016-vaillon-premier-cru-cuvee-guy-moreau-chablis/,Chardonnay,2016,Domaine Christian Moreau Pére et Fils
winemag 8001 to 8800,4260,190665,12.5,White,France,"A great waft of ripe fruits, wood spice and tense acidity. A Valmur is a model for great Chablis, a taut wine, like a spring of green fruits waiting to burst out. This impressive wine needs aging, give it at least five years.",Valmur Grand Cru,83,96,0.86,Burgundy,"47.0525047, 4.3837215",47.0525047,4.3837215,Chablis,"47.8152690, 3.8004510",47.815269,3.800451,William Févre 2008 Valmur Grand Cru  (Chablis),https://www.winemag.com/buying-guide/william-fevre-2008-valmur-grand-cru-chardonnay-chablis/,Chardonnay,2008,William Févre
winemag 9601 to 10400,8128,240784,,White,France,"This is the epitome of great Chablis, with minerality, initial austerity and coiled power. It is a dense, tense wine, structured with both toasty tannins and green fruits that shine out of all this concentration. Age for 7-10 years.",Valmur Grand Cru,85,96,0.89,Burgundy,"47.0525047, 4.3837215",47.0525047,4.3837215,Chablis,"47.8152690, 3.8004510",47.815269,3.800451,William Févre 2005 Valmur Grand Cru  (Chablis),https://www.winemag.com/buying-guide/william-fevre-2005-valmur-grand-cru-chardonnay-chablis/,Chardonnay,2005,William Févre
winemag 11201 to 12000,8502,39451,,White,France,"Immense power lies behind the initially seductive nature of this wine. It is powerful, ripe, complex, full of tropical fruits, and still at first it seems to be restraining this intensity. Give it 10 years and it will be mind-blowing.",,100,96,1.04,Burgundy,"47.0525047, 4.3837215",47.0525047,4.3837215,Corton-Charlemagne,"47.0772222, 4.8497222",47.0772222,4.8497222,Louis Latour 2002  Corton-Charlemagne,https://www.winemag.com/buying-guide/louis-latour-2002-chardonnay-corton-charlemagne/,Chardonnay,2002,Louis Latour
winemag 8001 to 8800,9141,195546,13,White,France,"From the largest of the Chablis Grand Cru, this wine shows a lively fruit character but also a powerful, taut mineral streak that comes through to dominate. There is no doubt this needs aging, with its steely edge and vivid acidity.",Les Clos Grand Cru,110,96,1.15,Burgundy,"47.0525047, 4.3837215",47.0525047,4.3837215,Chablis,"47.8152690, 3.8004510",47.815269,3.800451,William Févre 2007 Les Clos Grand Cru  (Chablis),https://www.winemag.com/buying-guide/william-fevre-2007-clos-grand-cru-chardonnay-chablis/,Chardonnay,2007,William Févre
winemag 8801 to 9600,4220,221201,13.5,White,France,"Drouhin has the exclusivity on the Marquis de Laguiche domaine, which is producing great white wine. Here, minerality and citrus acidity are layered over beautifully judged wood. The wine is rich but crisp, white berries mingling with pears and a delicious finishing spice. Age for 5-6 years. Imported by Dreyfus, Ashby & Co.",Marquis de Laguiche Premier Cru,114,96,1.19,Burgundy,"47.0525047, 4.3837215",47.0525047,4.3837215,Chassagne-Montrachet,"46.9379920, 4.7295610",46.937992,4.729561,Joseph Drouhin 2006 Marquis de Laguiche Premier Cru  (Chassagne-Montrachet),https://www.winemag.com/buying-guide/joseph-drouhin-2006-marquis-laguiche-premier-cru-chardonnay-chassagne-montrachet/,Chardonnay,2006,Joseph Drouhin
winemag 3201 to 4000,14819,107699,13,White,France,"All the Févre vines are at the top of this vineyard, giving very structured, long-lived wines. This is certainly an age-worthy wine, tightly coiled and nervy, with a strong mineral note at its heart. Lemon and quince flavors are caught up in the complex structure. Drink from 2020.",Les Clos Grand Cru,115,96,1.2,Burgundy,"47.0525047, 4.3837215",47.0525047,4.3837215,Chablis,"47.8152690, 3.8004510",47.815269,3.800451,William Févre 2013 Les Clos Grand Cru  (Chablis),https://www.winemag.com/buying-guide/william-fevre-2013-clos-grand-cru-chardonnay-chablis/,Chardonnay,2013,William Févre
winemag 6401 to 7200,12460,167597,13.5,White,France,"A hugely rich, powerful Chardonnay, layering ripe fruit with a core of tannic structure, acidity, wood and huge depth of flavor. The wine is concentrated, with layers of fruit and textured acidity. Of course, it needs aging-7 years at least.",,130,96,1.35,Burgundy,"47.0525047, 4.3837215",47.0525047,4.3837215,Corton-Charlemagne,"47.0772222, 4.8497222",47.0772222,4.8497222,Louis Jadot 2009  Corton-Charlemagne,https://www.winemag.com/buying-guide/louis-jadot-2009-chardonnay-corton-charlemagne/,Chardonnay,2009,Louis Jadot
winemag 3201 to 4000,14812,107692,13,White,France,"From a vineyard that once belonged to the charitable Hospices de Chablis, this is a superrich wine for a Chablis, powered both by acidity and by beautiful ripe fruits. It is bright and tight in character, although it is the richness and the density of the wine that shows most strongly. Drink this powerful wine from 2020.",Les Clos Grand Cru Cuvée Clos des Hospices,142,96,1.48,Burgundy,"47.0525047, 4.3837215",47.0525047,4.3837215,Chablis,"47.8152690, 3.8004510",47.815269,3.800451,Domaine Christian Moreau Pére et Fils 2013 Les Clos Grand Cru Cuvée Clos des Hospices  (Chablis),https://www.winemag.com/buying-guide/domaine-christian-moreau-pere-fils-2013-clos-grand-cru-cuvee-clos-hospices-chardonnay-chablis/,Chardonnay,2013,Domaine Christian Moreau Pére et Fils
winemag 1601 to 2400,11492,73442,13,White,France,"From vines inside the Les Clos Grand Cru purchased in 1904 from the Hospices de Chablis, this is a richly structured wine. It's dense with layers of flavor and great aging potential. Wood and smoky flavors are still calming down to give a wine that will be impressive and long-lived. Drink from 2023.",Les Clos Grand Cru Clos des Hospices,149,96,1.55,Burgundy,"47.0525047, 4.3837215",47.0525047,4.3837215,Chablis,"47.8152690, 3.8004510",47.815269,3.800451,Domaine Christian Moreau Pére et Fils 2014 Les Clos Grand Cru Clos des Hospices  (Chablis),https://www.winemag.com/buying-guide/domaine-christian-moreau-pere-et-fils-2014-les-clos-grand-cru-clos-des-hospices-chablis/,Chardonnay,2014,Domaine Christian Moreau Pére et Fils
winemag 801 to 1600,2480,204523,13,White,France,"A small portion of the Les Clos vineyard once belonged to the charitable Hospices de Chablis. Today, this one acre is vinified apart from this producer's other Le Clos Cuvée. This is a rich wine, hinting at wood aging with intense fruit and acidity. It has a rich texture, a great balance between acidity and the ripe white and citrus fruits. Drink this wine from 2022",Les Clos Grand Cru Clos des Hospices Dans les Clos,158,96,1.65,Burgundy,"47.0525047, 4.3837215",47.0525047,4.3837215,Chablis,"47.8152690, 3.8004510",47.815269,3.800451,Domaine Christian Moreau Pére et Fils 2016 Les Clos Grand Cru Clos des Hospices Dans les Clos  (Chablis),https://www.winemag.com/buying-guide/domaine-christian-moreau-pere-et-fils-2016-les-clos-grand-cru-clos-des-hospices-dans-les-clos-chablis/,Chardonnay,2016,Domaine Christian Moreau Pére et Fils
winemag 5601 to 6400,11869,151340,13.5,White,France,"Corton-Charlemagne has produced a powerful and concentrated wine. The massive, opulent feel is balanced by tropical fruits and acids, which are layered between the toast and spice notes. It needs many years to mature.",,165,96,1.72,Burgundy,"47.0525047, 4.3837215",47.0525047,4.3837215,Corton-Charlemagne,"47.0772222, 4.8497222",47.0772222,4.8497222,Louis Jadot 2010  Corton-Charlemagne,https://www.winemag.com/buying-guide/louis-jadot-2010-chardonnay-corton-charlemagne/,Chardonnay,2010,Louis Jadot
winemag 10401 to 11200,4218,19480,,White,France,"As Anne-Claude Leflaive describes it, this wine is all about the complexity of the vineyard's soil. There is minerality and finesse from the chalk, which gives a structure. And at the same time the ripe fruit seems opulent, with vanilla and spice flavors adding something exotic. Age this wine for at least 5 years.",Les Pucelles Premier Cru,175,96,1.82,Burgundy,"47.0525047, 4.3837215",47.0525047,4.3837215,Puligny-Montrachet,"46.9450920, 4.7532960",46.945092,4.753296,Domaine Leflaive 2003 Les Pucelles Premier Cru  (Puligny-Montrachet),https://www.winemag.com/buying-guide/domaine-leflaive-2003-pucelles-premier-cru-chardonnay-puligny-montrachet/,Chardonnay,2003,Domaine Leflaive
winemag 801 to 1600,9979,212022,13.5,White,France,"This is going to be a rich wine. Although it seems tight and closed at this stage, it is possible to imagine the ripe white fruits with citrus tinges that will emerge. Spice and good acidity are part of the mix of this opulent, succulent wine. Drink from 2023.",,190,96,1.98,Burgundy,"47.0525047, 4.3837215",47.0525047,4.3837215,Corton-Charlemagne,"47.0772222, 4.8497222",47.0772222,4.8497222,Louis Jadot 2015  Corton-Charlemagne,https://www.winemag.com/buying-guide/louis-jadot-2015-corton-charlemagne-278734/,Chardonnay,2015,Louis Jadot
winemag 8001 to 8800,9341,195746,,White,France,"A powerful wine, showing rich, opulent Chardonnay. The spice and acidity crispen the wine, but leave the powerful fruit in all its glory.",Les Pucelles Premier Cru,260,96,2.71,Burgundy,"47.0525047, 4.3837215",47.0525047,4.3837215,Puligny-Montrachet,"46.9450920, 4.7532960",46.945092,4.753296,Domaine Leflaive 2007 Les Pucelles Premier Cru  (Puligny-Montrachet),https://www.winemag.com/buying-guide/domaine-leflaive-2007-pucelles-premier-cru-chardonnay-puligny-montrachet/,Chardonnay,2007,Domaine Leflaive
winemag 4801 to 5600,4182,128075,13.5,White,France,"Initially, this is a richly ripe wine with tropical fruit flavors. It also has an immense sense of structure that supports the fruit impressively. It's dense, concentrated, exuding power and solidity, while always keeping a sense of elegance. Drink from 2018.",,315,96,3.28,Burgundy,"47.0525047, 4.3837215",47.0525047,4.3837215,Chevalier-Montrachet,"46.9450920, 4.7532960",46.945092,4.753296,Bouchard Pére & Fils 2011  Chevalier-Montrachet,https://www.winemag.com/buying-guide/bouchard-pere-fils-2011-chardonnay-chevalier-montrachet/,Chardonnay,2011,Bouchard Pére & Fils
winemag 7201 to 8000,538,171309,13.5,White,France,"Mineral, steel and toast set this impressive, well-structured wine on to the road for aging. Behind this initially severe, very young exterior is the richest yellow and white fruit, exuding power, concentration and density. Give it 6-8 years and many more.",Bâtard-Montrachet,350,96,3.65,Burgundy,"47.0525047, 4.3837215",47.0525047,4.3837215,Bâtard-Montrachet,"46.9450920, 4.7532960",46.945092,4.753296,Olivier Leflaive 2009 Bâtard-Montrachet  (Bâtard-Montrachet),https://www.winemag.com/buying-guide/olivier-leflaive-2009-batard-montrachet-chardonnay-batard-montrachet/,Chardonnay,2009,Olivier Leflaive
winemag 3201 to 4000,14818,107698,13.5,White,France,"With its great richness, the wine is opulent, generous and full of powerful fruits. The wood aging and the toastiness have done nothing to diminish the yellow fruit and crisp apple flavors. It's an impressive and concentrated wine that will age for many years. Drink from 2020.",,370,96,3.85,Burgundy,"47.0525047, 4.3837215",47.0525047,4.3837215,Bâtard-Montrachet,"46.9450920, 4.7532960",46.945092,4.753296,Louis Jadot 2013  Bâtard-Montrachet,https://www.winemag.com/buying-guide/louis-jadot-2013-chardonnay-batard-montrachet/,Chardonnay,2013,Louis Jadot
winemag 1601 to 2400,718,62668,13.5,White,France,"Wood, ripe fruit and a tight texture give this wine a very complete feeling. It is structured, mineral-driven and packed with fresh apples and yellow fruit. The impressive structure and balance suggest the wine will age well; drink from 2024.",,400,96,4.17,Burgundy,"47.0525047, 4.3837215",47.0525047,4.3837215,Bâtard-Montrachet,"46.9450920, 4.7532960",46.945092,4.753296,Louis Latour 2015  Bâtard-Montrachet,https://www.winemag.com/buying-guide/louis-latour-2015-batard-montrachet/,Chardonnay,2015,Louis Latour
winemag 1601 to 2400,539,62489,13.5,White,France,"A ripe, dense wine, this has powerful fruit and a serious long-term future. It is rich with yellow fruits with a generous, creamy texture, and tight with minerality. This gorgeous wine will certainly age well. Drink from 2024.",Les Demoiselles,450,96,4.69,Burgundy,"47.0525047, 4.3837215",47.0525047,4.3837215,Chevalier-Montrachet,"46.9450920, 4.7532960",46.945092,4.753296,Louis Latour 2015 Les Demoiselles  (Chevalier-Montrachet),https://www.winemag.com/buying-guide/louis-latour-2015-les-demoiselles-chevalier-montrachet/,Chardonnay,2015,Louis Latour
winemag 2401 to 3200,12953,90373,13,White,France,"This wine is rich, concentrated and ripe. With its opulent mix of yellow fruits, citrus and sliced apple-a real fruit salad-it is also balanced with spice and wood flavors. The fruit is rich and will develop well. Drink this from 2020.",,476,96,4.96,Burgundy,"47.0525047, 4.3837215",47.0525047,4.3837215,Bienvenues Bâtard-Montrachet,"46.9450920, 4.7532960",46.945092,4.753296,Domaine Faiveley 2014  Bienvenues Bâtard-Montrachet,https://www.winemag.com/buying-guide/domaine-faiveley-2014-bienvenues-batard-montrachet/,Chardonnay,2014,Domaine Faiveley
winemag 10401 to 11200,4219,19481,13.5,White,France,"This comes from high up in the Chevalier-Montrachet vineyard, from vines surrounding a small workers shed, the ""cabotte."" It is the better of the two bottlings from this vineyard by Bouchard, although ""better"" here is like differentiating between two stars on top form. It has great poise, so although the richness is there, it is shot through with acidity and citric flavors that underline the huge, ripe fruit. Age for 10 years for best results.",La Cabotte,500,96,5.21,Burgundy,"47.0525047, 4.3837215",47.0525047,4.3837215,Chevalier-Montrachet,"46.9450920, 4.7532960",46.945092,4.753296,Bouchard Pére & Fils 2004 La Cabotte  (Chevalier-Montrachet),https://www.winemag.com/buying-guide/bouchard-pere-fils-2004-cabotte-chardonnay-chevalier-montrachet/,Chardonnay,2004,Bouchard Pére & Fils
winemag 4001 to 4800,15178,123591,13.5,White,France,"While the wood-aging shows strongly in this young wine, it is already apparent that it is going to be intense, grandiose, opulent while serious. Great citrus layers give a moment of freshness in all this concentration. Green plums, ripe apricots and lemon are all developing, contrasting with the dense, mineral structure. The wine needs long-term aging, dont' drink before 2020.",Les Demoiselles,500,96,5.21,Burgundy,"47.0525047, 4.3837215",47.0525047,4.3837215,Chevalier-Montrachet,"46.9450920, 4.7532960",46.945092,4.753296,Louis Jadot 2012 Les Demoiselles  (Chevalier-Montrachet),https://www.winemag.com/buying-guide/louis-jadot-2012-demoiselles-chardonnay-chevalier-montrachet/,Chardonnay,2012,Louis Jadot
winemag 10401 to 11200,4217,19479,,White,France,"A fine wine that offers power, generosity and also a chalky, mineral character. No wonder Montrachet is seen as the greatest grand cru-it has structure, concentration, delicious fruit and layers of complexity. It also needs to age. To drink this wine now would be more than a shame.",,500,96,5.21,Burgundy,"47.0525047, 4.3837215",47.0525047,4.3837215,Montrachet,"46.9450920, 4.7532960",46.945092,4.753296,Etienne Sauzet 2004  Montrachet,https://www.winemag.com/buying-guide/etienne-sauzet-2004-chardonnay-montrachet/,Chardonnay,2004,Etienne Sauzet
winemag 10401 to 11200,4221,19483,,White,France,"This is a beautifully shaped wine that rises from a quiet opening. Muted and slightly closed up at this stage, it opens opulently but with balanced acidity and crispness, as well as richness and restrained power.",Marquis de Laguiche,596,96,6.21,Burgundy,"47.0525047, 4.3837215",47.0525047,4.3837215,Montrachet,"46.9450920, 4.7532960",46.945092,4.753296,Joseph Drouhin 2004 Marquis de Laguiche  (Montrachet),https://www.winemag.com/buying-guide/joseph-drouhin-2004-marquis-laguiche-chardonnay-montrachet/,Chardonnay,2004,Joseph Drouhin
winemag 2401 to 3200,9440,86860,13.5,White,France,"This beautiful, rich wine has yellow fruits and is concentrated, tightly textured and conveys a ripe character. The touches of wood are just right, adding spice to the opulent fruitiness. A mineral texture gives some tightness to the aftertaste. Drink from 2024.",Le Montrachet,630,96,6.56,Burgundy,"47.0525047, 4.3837215",47.0525047,4.3837215,Montrachet,"46.9450920, 4.7532960",46.945092,4.753296,Louis Latour 2014 Le Montrachet  (Montrachet),https://www.winemag.com/buying-guide/louis-latour-2014-le-montrachet-montrachet/,Chardonnay,2014,Louis Latour
winemag 8001 to 8800,9342,195747,13.5,White,France,"From a parcel within the Chevalier-Montrachet vineyard, this is beautifully balanced, but a wine with considerable potential. It is rich, but thrust through with a sword of steel, giving acidity that offers a succulent counterpoint to the yellow fruits. The wood is becoming well integrated, offering further richness. For long-term aging.",La Cabotte,660,96,6.88,Burgundy,"47.0525047, 4.3837215",47.0525047,4.3837215,Chevalier-Montrachet,"46.9450920, 4.7532960",46.945092,4.753296,Bouchard Pére & Fils 2007 La Cabotte  (Chevalier-Montrachet),https://www.winemag.com/buying-guide/bouchard-pere-fils-2007-cabotte-chardonnay-chevalier-montrachet/,Chardonnay,2007,Bouchard Pére & Fils
winemag 4001 to 4800,15179,123592,13.5,White,France,"The combination of young fruit and the wood aging are irresistible in this very grand wine. With its ripe yellow fruits laced with lemon and grapefruit, it's a full and rich wine coming from one of the greatest white wine vineyards in France. Power and intensity are there, allowing the wine to develop slowly over many years. Drink from 2019.",,670,96,6.98,Burgundy,"47.0525047, 4.3837215",47.0525047,4.3837215,Chevalier-Montrachet,"46.9450920, 4.7532960",46.945092,4.753296,Olivier Leflaive 2012  Chevalier-Montrachet,https://www.winemag.com/buying-guide/olivier-leflaive-2012-chardonnay-chevalier-montrachet/,Chardonnay,2012,Olivier Leflaive
winemag 3201 to 4000,14822,107702,13,White,France,"This young wine is all magnificent structure. It is intense, with fruit and acidity given richness by the powerful texture and tense tannins. The dense symphony of ripe fruits is kept in check by the structure. This wine needs many years; drink from 2019.",Les Clos Grand Cru,69,97,0.71,Burgundy,"47.0525047, 4.3837215",47.0525047,4.3837215,Chablis,"47.8152690, 3.8004510",47.815269,3.800451,Domaine Jean-Paul et Benoît Droin 2013 Les Clos Grand Cru  (Chablis),https://www.winemag.com/buying-guide/domaine-jean-paul-benoit-droin-2013-clos-grand-cru-chardonnay-chablis/,Chardonnay,2013,Domaine Jean-Paul et Benoît Droin
winemag 3201 to 4000,14823,107703,13,White,France,"Fermented and aged in six-year old wood for 24 months, this is a richly spicy wine. The wood is there to smell and taste, but it is the rich fruit that speaks. Yellow fruits are given weight by the mineral backdrop, while layers of acidity instill freshness. Drink this complex wine from 2018.",Cuvée Authentique Les Clos Grand Cru,95,97,0.98,Burgundy,"47.0525047, 4.3837215",47.0525047,4.3837215,Chablis,"47.8152690, 3.8004510",47.815269,3.800451,Domaine Pinson 2012 Cuvée Authentique Les Clos Grand Cru  (Chablis),https://www.winemag.com/buying-guide/domaine-pinson-2012-cuvee-authentique-clos-grand-cru-chardonnay-chablis/,Chardonnay,2012,Domaine Pinson
winemag 9601 to 10400,8134,240790,,White,France,"Big and powerful, this is the grandest of the grand crus. It has both  a dense structure and overwhelming fruits. With minerality, spice and balance, this is a very complete wine. There is only a hint of the richness to come. Hold for 10 years at least.",Les Clos Grand Cru,95,97,0.98,Burgundy,"47.0525047, 4.3837215",47.0525047,4.3837215,Chablis,"47.8152690, 3.8004510",47.815269,3.800451,William Févre 2005 Les Clos Grand Cru  (Chablis),https://www.winemag.com/buying-guide/william-fevre-2005-clos-grand-cru-chardonnay-chablis/,Chardonnay,2005,William Févre
winemag 1601 to 2400,11496,73446,13.5,White,France,"This is a powerhouse of a wine-structured and dense yet still developing and closed at this young stage. There's already a sense of both fruit richness and mineral texture, underpinned by oak spice, yet it will grow more powerful with time. Drink from 2023.",,184,97,1.9,Burgundy,"47.0525047, 4.3837215",47.0525047,4.3837215,Corton-Charlemagne,"47.0772222, 4.8497222",47.0772222,4.8497222,Louis Jadot 2014  Corton-Charlemagne,https://www.winemag.com/buying-guide/louis-jadot-2014-corton-charlemagne/,Chardonnay,2014,Louis Jadot
winemag 5601 to 6400,11885,151356,13.5,White,France,"The vintage brings out the tension of this magisterial Chardonnay, and it layers nervy acidity with fresh apple and peach flavors and intense minerality. It is poised and ready to develop over many years.",,330,97,3.4,Burgundy,"47.0525047, 4.3837215",47.0525047,4.3837215,Bâtard-Montrachet,"46.9450920, 4.7532960",46.945092,4.753296,Louis Jadot 2010  Bâtard-Montrachet,https://www.winemag.com/buying-guide/louis-jadot-2010-chardonnay-batard-montrachet/,Chardonnay,2010,Louis Jadot
winemag 9601 to 10400,1643,234299,,White,France,"It's the complexity that dominates this wine from what is arguably the greatest Chardonnay vineyard in Burgundy. All the fruit elements are wrapped up in a tense, tightly strung structure, and then surrounded by superrichness. Acidity adds to the mix, a pure, green plum fruit character. All in all, a great wine.",,400,97,4.12,Burgundy,"47.0525047, 4.3837215",47.0525047,4.3837215,Montrachet,"46.9450920, 4.7532960",46.945092,4.753296,Louis Latour 2006  Montrachet,https://www.winemag.com/buying-guide/louis-latour-2006-chardonnay-montrachet/,Chardonnay,2006,Louis Latour
winemag 7201 to 8000,9352,180123,13.5,White,France,"This beautiful wine is austere at this very young stage. But what pent-up power-the richness comes from glorious ripe fruit, tempered with a core of steel and wrapped with pure lemon, apricot and toast flavors. Age for 10 years at least.",,430,97,4.43,Burgundy,"47.0525047, 4.3837215",47.0525047,4.3837215,Bâtard-Montrachet,"46.9450920, 4.7532960",46.945092,4.753296,Domaine Leflaive 2008  Bâtard-Montrachet,https://www.winemag.com/buying-guide/domaine-leflaive-2008-chardonnay-batard-montrachet/,Chardonnay,2008,Domaine Leflaive
winemag 8801 to 9600,9186,226167,,White,France,"The balance of this wine is what makes it so impressive. Spice and yellow fruit intermingle effortlessly. There is a core of tight, coiled steel, like a spring, which gives minerality along with the richness. At the end, acidity lifts the wine, finishing with freshness as well as intensity.",,451,97,4.65,Burgundy,"47.0525047, 4.3837215",47.0525047,4.3837215,Bâtard-Montrachet,"46.9450920, 4.7532960",46.945092,4.753296,Domaine Leflaive 2006  Bâtard-Montrachet,https://www.winemag.com/buying-guide/domaine-leflaive-2006-chardonnay-batard-montrachet/,Chardonnay,2006,Domaine Leflaive
winemag 801 to 1600,9986,212029,13.5,White,France,"This is a sumptuous wine as befits a Chardonnay from one of the great white Grand Crus. Intense acidity is spiced by the new-wood aging. A strongly mineral character also marks this powerful wine with generous white and yellow fruits and a zesty, tangy aftertaste. It has a great future. Drink from 2025.",Les Demoiselles,475,97,4.9,Burgundy,"47.0525047, 4.3837215",47.0525047,4.3837215,Chevalier-Montrachet,"46.9450920, 4.7532960",46.945092,4.753296,Louis Jadot 2015 Les Demoiselles  (Chevalier-Montrachet),https://www.winemag.com/buying-guide/louis-jadot-2015-les-demoiselles-chevalier-montrachet-278726/,Chardonnay,2015,Louis Jadot
winemag 3201 to 4000,14821,107701,13.5,White,France,"This is a beautiful wine with elegant fruits that reflect a strong sense of minerality. It is crisp, although that is just a surface quality to a wine that has such depth. Toast flavors round out the intense fruits, giving a light spice and butter to this powerful wine. Drink from 2020.",Les Demoiselles,476,97,4.91,Burgundy,"47.0525047, 4.3837215",47.0525047,4.3837215,Chevalier-Montrachet,"46.9450920, 4.7532960",46.945092,4.753296,Louis Jadot 2013 Les Demoiselles  (Chevalier-Montrachet),https://www.winemag.com/buying-guide/louis-jadot-2013-demoiselles-chardonnay-chevalier-montrachet/,Chardonnay,2013,Louis Jadot
winemag 7201 to 8000,9351,180122,13.5,White,France,"A ripe, toasty wine, very buttery. It has rich, almost sweet yellow fruit balanced with a wonderful mineral texture. The wine, of course, is still very young, but shows its future as being rounded and opulent. The acidity that holds it all together shows in the finish.",,550,97,5.67,Burgundy,"47.0525047, 4.3837215",47.0525047,4.3837215,Chevalier-Montrachet,"46.9450920, 4.7532960",46.945092,4.753296,Domaine Leflaive 2008  Chevalier-Montrachet,https://www.winemag.com/buying-guide/domaine-leflaive-2008-chardonnay-chevalier-montrachet/,Chardonnay,2008,Domaine Leflaive
winemag 8801 to 9600,9188,226169,,White,France,"Taut and mineral, this is currently a wine that is waiting to reveal its power and majesty. The fruit is on a tight rein of acidity, which only slowly opens up to show mango, pineapple, crisp citrus, layers of toast and a mouth-enveloping richness. Age for at least five years, preferably 10.",,574,97,5.92,Burgundy,"47.0525047, 4.3837215",47.0525047,4.3837215,Chevalier-Montrachet,"46.9450920, 4.7532960",46.945092,4.753296,Domaine Leflaive 2006  Chevalier-Montrachet,https://www.winemag.com/buying-guide/domaine-leflaive-2006-chardonnay-chevalier-montrachet/,Chardonnay,2006,Domaine Leflaive
winemag 1601 to 2400,544,62494,14.5,White,France,"This opulent, powerful wine has weight, richness and a beautiful creamy texture. It's built to age, from its wood aging to its minerality. Concentrated, it offers yellow fruits shot through with acidity. From the grandest Chardonnay vineyard in Burgundy, it will age well and be ready to drink from 2026.",,650,97,6.7,Burgundy,"47.0525047, 4.3837215",47.0525047,4.3837215,Montrachet,"46.9450920, 4.7532960",46.945092,4.753296,Louis Latour 2015  Montrachet,https://www.winemag.com/buying-guide/louis-latour-2015-montrachet/,Chardonnay,2015,Louis Latour
winemag 4001 to 4800,15186,123599,13.5,White,France,"The true glory of white Burgundy should always be revealed by Montrachet. This wine, with its wonderful combination of ripe fruits and dense, intense structure, does just that. It has power, a serious intent for aging and a range of delicious fruits. Still young, it is not for early drinking, so wait until 2019.",,802,97,8.27,Burgundy,"47.0525047, 4.3837215",47.0525047,4.3837215,Montrachet,"46.9450920, 4.7532960",46.945092,4.753296,Olivier Leflaive 2012  Montrachet,https://www.winemag.com/buying-guide/olivier-leflaive-2012-chardonnay-montrachet/,Chardonnay,2012,Olivier Leflaive
winemag 2401 to 3200,3888,81308,13,White,France,"This wine comes from the vineyard that sits at the pinnacle of Chardonnay in Burgundy. It is majestic and opulent, a powerful wine full of deeply concentrated fruit as well as the ineffable acidity of the vintage. It is structured, tensely mineral and demands long aging. Drink this beautiful wine from 2023.",,886,97,9.13,Burgundy,"47.0525047, 4.3837215",47.0525047,4.3837215,Montrachet,"46.9450920, 4.7532960",46.945092,4.753296,Olivier Leflaive 2014  Montrachet,https://www.winemag.com/buying-guide/olivier-leflaive-2014-montrachet/,Chardonnay,2014,Olivier Leflaive
winemag 1601 to 2400,11497,73447,13.5,White,France,"This is a major wine from a great white wine vintage that's naturally impressive and intense. Ripe white and yellow fruit dominates the palate, sustained by wood aging flavors and tight, nervy texture. Bâtard-Montrachet is largest of the five white Grand Crus in Puligny and Chassagne Montrachet. Drink from 2024.",,367,98,3.74,Burgundy,"47.0525047, 4.3837215",47.0525047,4.3837215,Bâtard-Montrachet,"46.9450920, 4.7532960",46.945092,4.753296,Louis Jadot 2014  Bâtard-Montrachet,https://www.winemag.com/buying-guide/louis-jadot-2014-batard-montrachet/,Chardonnay,2014,Louis Jadot
winemag 6401 to 7200,10809,165946,13.5,White,France,"With its concentrated yellow fruits, this is already a powerful wine. It is packed with acidity, toast, peach flavors and minerality, starting out as a gorgeously rich wine from a ripe vintage. Of course, it will age over many years; open in 10 years.",,410,98,4.18,Burgundy,"47.0525047, 4.3837215",47.0525047,4.3837215,Bienvenues Bâtard-Montrachet,"46.9450920, 4.7532960",46.945092,4.753296,Domaine Leflaive 2009  Bienvenues Bâtard-Montrachet,https://www.winemag.com/buying-guide/domaine-leflaive-2009-chardonnay-bienvenues-batard-montrachet/,Chardonnay,2009,Domaine Leflaive
winemag 8001 to 8800,9348,195753,,White,France,"A glorious outpouring of beautifully crafted Chardonnay, opulent but tightly mineral. The ripe apple and pear character has a delicate, elegant squeeze of lime, while the whole wine is underpinned by wood. No doubt for long-term aging.",,411,98,4.19,Burgundy,"47.0525047, 4.3837215",47.0525047,4.3837215,Bienvenues Bâtard-Montrachet,"46.9450920, 4.7532960",46.945092,4.753296,Domaine Leflaive 2007  Bienvenues Bâtard-Montrachet,https://www.winemag.com/buying-guide/domaine-leflaive-2007-chardonnay-bienvenues-batard-montrachet/,Chardonnay,2007,Domaine Leflaive
winemag 8001 to 8800,9349,195754,13.5,White,France,"From arguably the finest white wine vineyard in Burgundy, this is a powerful wine that shows great weight, but balances that with intense, elegant structure, style and freshness. The flavors are endless and complex, richness combining with the lively character of the vintage. Age for many years.",,757,98,7.72,Burgundy,"47.0525047, 4.3837215",47.0525047,4.3837215,Montrachet,"46.9450920, 4.7532960",46.945092,4.753296,Bouchard Pére & Fils 2007  Montrachet,https://www.winemag.com/buying-guide/bouchard-pere-fils-2007-chardonnay-montrachet/,Chardonnay,2007,Bouchard Pére & Fils
winemag 5601 to 6400,6895,146366,13,White,France,"In this great year for white Burgundy, Bâtard-Montrachet shines out as the epitome of balance between superb fruit and intense mineral and terroir characters. Its subtle touch of wood highlights the unctuous surface texture while just hinting at the steel sharpness of the structure beneath. Age this superb wine for at least 10 years.",,560,99,5.66,Burgundy,"47.0525047, 4.3837215",47.0525047,4.3837215,Bâtard-Montrachet,"46.9450920, 4.7532960",46.945092,4.753296,Domaine Leflaive 2010  Bâtard-Montrachet,https://www.winemag.com/buying-guide/domaine-laflaive-2010-chardonnay-batard-montrachet/,Chardonnay,2010,Domaine Leflaive
